[debug] [2026-08-28T03:36:27.594Z] ----------------------------------------------------------------------
[debug] [2026-08-28T03:36:27.597Z] Command:       /usr/local/share/nvm/versions/node/v24.14.0/bin/node /home/codespace/.npm/_npx/7750544ccf494d8b/node_modules/.bin/firebase emulators:start --only functions,firestore --project supermercado-marian --log-verbosity INFO
[debug] [2026-08-28T03:36:27.597Z] CLI Version:   15.28.2
[debug] [2026-08-28T03:36:27.597Z] Platform:      linux
[debug] [2026-08-28T03:36:27.598Z] Node Version:  v24.14.0
[debug] [2026-08-28T03:36:27.598Z] Detected Agent: github_copilot_vscode_agent
[debug] [2026-08-28T03:36:27.598Z] Time:          Fri Aug 28 2026 03:36:27 GMT+0000 (Coordinated Universal Time)
[debug] [2026-08-28T03:36:27.598Z] ----------------------------------------------------------------------
[debug] 
[debug] [2026-08-28T03:36:28.339Z] > command requires scopes: ["email","openid","https://www.googleapis.com/auth/cloudplatformprojects.readonly","https://www.googleapis.com/auth/firebase","https://www.googleapis.com/auth/cloud-platform"]
[debug] Failed to authenticate, have you run firebase login?
[warn] ⚠  emulators: You are not currently authenticated so some features may not work correctly. Please run firebase login to authenticate the CLI. 
[debug] [2026-08-28T03:36:28.468Z] openjdk version "25.0.2" 2026-01-20 LTS
OpenJDK Runtime Environment Microsoft-13053558 (build 25.0.2+10-LTS)
OpenJDK 64-Bit Server VM Microsoft-13053558 (build 25.0.2+10-LTS, mixed mode, sharing)

[debug] [2026-08-28T03:36:28.473Z] Parsed Java major version: 25
[info] i  emulators: Starting emulators: functions, firestore {"metadata":{"emulator":{"name":"hub"},"message":"Starting emulators: functions, firestore"}}
[debug] [2026-08-28T03:36:28.479Z] [logging] Logging Emulator only supports listening on one address (127.0.0.1). Not listening on ::1
[debug] [2026-08-28T03:36:28.479Z] DEBUG: assigned listening specs for emulators
[debug] [2026-08-28T03:36:28.483Z] Write emulator hub locator at /tmp/hub-supermercado-marian.json
[debug] [2026-08-28T03:36:28.487Z] [eventarc] Eventarc Emulator only supports listening on one address (127.0.0.1). Not listening on ::1
[debug] [2026-08-28T03:36:28.487Z] [tasks] Cloud Tasks Emulator only supports listening on one address (127.0.0.1). Not listening on ::1
[debug] [2026-08-28T03:36:28.487Z] DEBUG: late-assigned ports for functions and eventarc emulators
[warn] ⚠  functions: The following emulators are not running, calls to these services from the Functions emulator will affect production: apphosting, auth, database, hosting, pubsub, storage, dataconnect {"metadata":{"emulator":{"name":"functions"},"message":"The following emulators are not running, calls to these services from the Functions emulator will affect production: \u001b[1mapphosting, auth, database, hosting, pubsub, storage, dataconnect\u001b[22m"}}
[debug] [2026-08-28T03:36:28.501Z] No OAuth tokens found
[debug] [2026-08-28T03:36:28.502Z] No OAuth tokens found
[debug] [2026-08-28T03:36:28.502Z] > command requires scopes: ["email","openid","https://www.googleapis.com/auth/cloudplatformprojects.readonly","https://www.googleapis.com/auth/firebase","https://www.googleapis.com/auth/cloud-platform"]
[debug] [2026-08-28T03:36:28.502Z] Failed to get Admin SDK config for supermercado-marian, falling back to cache Failed to get Admin SDK for Firebase project supermercado-marian. Please make sure the project exists and your account has permission to access it. {"name":"FirebaseError","children":[],"exit":2,"message":"Failed to get Admin SDK for Firebase project supermercado-marian. Please make sure the project exists and your account has permission to access it.","original":{"name":"FirebaseError","children":[],"exit":1,"message":"Failed to authenticate, have you run \u001b[1mfirebase login\u001b[22m?","original":{},"status":500},"status":500}
[warn] ⚠  functions: Unable to fetch project Admin SDK configuration, Admin SDK behavior in Cloud Functions emulator may be incorrect. {"metadata":{"emulator":{"name":"functions"},"message":"Unable to fetch project Admin SDK configuration, Admin SDK behavior in Cloud Functions emulator may be incorrect."}}
[info] i  firestore: downloading cloud-firestore-emulator-v1.22.0.jar... {"metadata":{"emulator":{"name":"firestore"},"message":"downloading cloud-firestore-emulator-v1.22.0.jar..."}}
[debug] [2026-08-28T03:36:28.518Z] >>> [apiv2][query] GET https://storage.googleapis.com/firebase-preview-drop/emulator/cloud-firestore-emulator-v1.22.0.jar 
[debug] [2026-08-28T03:36:28.598Z] <<< [apiv2][status] GET https://storage.googleapis.com/firebase-preview-drop/emulator/cloud-firestore-emulator-v1.22.0.jar 200
[debug] [2026-08-28T03:36:28.598Z] <<< [apiv2][body] GET https://storage.googleapis.com/firebase-preview-drop/emulator/cloud-firestore-emulator-v1.22.0.jar [stream]
[debug] [2026-08-28T03:36:31.626Z] DEBUG: Ignoring unsupported arg: auto_download
[debug] [2026-08-28T03:36:31.626Z] DEBUG: Ignoring unsupported arg: single_project_mode_error
[debug] [2026-08-28T03:36:31.626Z] DEBUG: Starting Firestore Emulator with command {"binary":"java","args":["-Dgoogle.cloud_firestore.debug_log_level=FINE","-Duser.language=en","-jar","/home/codespace/.cache/firebase/emulators/cloud-firestore-emulator-v1.22.0.jar","--host","127.0.0.1","--port",8081,"--websocket_port",9150,"--database-edition","standard","--project_id","supermercado-marian","--rules","/workspaces/sistema-ventas/firestore.rules","--single_project_mode",true,"--functions_emulator","127.0.0.1:5001"],"optionalArgs":["port","webchannel_port","host","rules","websocket_port","database-edition","functions_emulator","seed_from_export","project_id","single_project_mode"],"joinArgs":false,"shell":false,"port":8081}
[info] i  firestore: Firestore Emulator logging to firestore-debug.log {"metadata":{"emulator":{"name":"firestore"},"message":"Firestore Emulator logging to \u001b[1mfirestore-debug.log\u001b[22m"}}
[debug] [2026-08-28T03:36:32.747Z] DEBUG: WARNING: A terminally deprecated method in sun.misc.Unsafe has been called
WARNING: sun.misc.Unsafe::allocateMemory has been called by io.netty.util.internal.PlatformDependent0$2 (file:/home/codespace/.cache/firebase/emulators/cloud-firestore-emulator-v1.22.0.jar)
WARNING: Please consider reporting this to the maintainers of class io.netty.util.internal.PlatformDependent0$2
WARNING: sun.misc.Unsafe::allocateMemory will be removed in a future release

[debug] [2026-08-28T03:36:33.256Z] DEBUG: WARNING: A restricted method in java.lang.System has been called
WARNING: java.lang.System::loadLibrary has been called by io.netty.util.internal.NativeLibraryUtil in an unnamed module (file:/home/codespace/.cache/firebase/emulators/cloud-firestore-emulator-v1.22.0.jar)
WARNING: Use --enable-native-access=
[debug] [2026-08-28T03:36:33.257Z] DEBUG: ALL-UNNAMED to avoid a warning for callers in this module
WARNING: Restricted methods will be blocked in a future release unless native access is enabled


[debug] [2026-08-28T03:36:34.167Z] DEBUG: Aug 28, 2026 3:36:34 AM com.google.cloud.datastore.emulator.firestore.websocket.WebSocketServer start
INFO: Started WebSocket server on ws://127.0.0.1:9150

[debug] [2026-08-28T03:36:34.207Z] DEBUG: 
API endpoint: http://
[debug] [2026-08-28T03:36:34.213Z] DEBUG: 127.0.0.1:8081
Database Edition: STANDARD
Database Mode: CLOUD_FIRESTORE

If you are using a library that supports the FIRESTORE_EMULATOR_HOST environment variable, run:

   export FIRESTORE_EMULATOR_HOST=127.0.0.1:8081

If you are running a Firestore in Datastore Mode project, run:

   export DATASTORE_EMULATOR_HOST=127.0.0.1:8081

Note: Support for Datastore Mode is in preview. If you encounter any bugs please file at https://github.com/firebase/firebase-tools/issues.
Dev App Server is now running.


[info] ✔  firestore: Firestore Emulator was started in standard edition. {"metadata":{"emulator":{"name":"firestore"},"message":"Firestore Emulator was started in standard edition."}}
[info] ✔  firestore: Firestore Emulator UI websocket is running on 9150. {"metadata":{"emulator":{"name":"firestore"},"message":"Firestore Emulator UI websocket is running on 9150."}}
[info] i  ui: downloading ui-v1.15.0.zip... {"metadata":{"emulator":{"name":"ui"},"message":"downloading ui-v1.15.0.zip..."}}
[debug] [2026-08-28T03:36:34.341Z] >>> [apiv2][query] GET https://storage.googleapis.com/firebase-preview-drop/emulator/ui-v1.15.0.zip 
[debug] [2026-08-28T03:36:34.429Z] <<< [apiv2][status] GET https://storage.googleapis.com/firebase-preview-drop/emulator/ui-v1.15.0.zip 200
[debug] [2026-08-28T03:36:34.433Z] <<< [apiv2][body] GET https://storage.googleapis.com/firebase-preview-drop/emulator/ui-v1.15.0.zip [stream]
[debug] [2026-08-28T03:36:34.686Z] Data is 3538469
[debug] [2026-08-28T03:36:34.687Z] [unzip] Entry: client/ (compressed_size=0 bytes, uncompressed_size=0 bytes)
[debug] [2026-08-28T03:36:34.687Z] [unzip] Processing entry: client/
[debug] [2026-08-28T03:36:34.687Z] [unzip] mkdir: /home/codespace/.cache/firebase/emulators/ui-v1.15.0/client/
[debug] [2026-08-28T03:36:34.688Z] [unzip] Entry: client/favicon-16x16.png (compressed_size=293 bytes, uncompressed_size=293 bytes)
[debug] [2026-08-28T03:36:34.689Z] [unzip] Processing entry: client/favicon-16x16.png
[debug] [2026-08-28T03:36:34.689Z] [unzip] else mkdir: /home/codespace/.cache/firebase/emulators/ui-v1.15.0/client
[debug] [2026-08-28T03:36:34.689Z] [unzip] Writing file: /home/codespace/.cache/firebase/emulators/ui-v1.15.0/client/favicon-16x16.png
[debug] [2026-08-28T03:36:34.690Z] [unzip] Entry: client/safari-pinned-tab.svg (compressed_size=1433 bytes, uncompressed_size=2611 bytes)
[debug] [2026-08-28T03:36:34.691Z] [unzip] Processing entry: client/safari-pinned-tab.svg
[debug] [2026-08-28T03:36:34.691Z] [unzip] else mkdir: /home/codespace/.cache/firebase/emulators/ui-v1.15.0/client
[debug] [2026-08-28T03:36:34.691Z] [unzip] deflating: /home/codespace/.cache/firebase/emulators/ui-v1.15.0/client/safari-pinned-tab.svg
[debug] [2026-08-28T03:36:34.697Z] [unzip] Entry: client/favicon.ico (compressed_size=2933 bytes, uncompressed_size=13294 bytes)
[debug] [2026-08-28T03:36:34.697Z] [unzip] Processing entry: client/favicon.ico
[debug] [2026-08-28T03:36:34.697Z] [unzip] else mkdir: /home/codespace/.cache/firebase/emulators/ui-v1.15.0/client
[debug] [2026-08-28T03:36:34.698Z] [unzip] deflating: /home/codespace/.cache/firebase/emulators/ui-v1.15.0/client/favicon.ico
[debug] [2026-08-28T03:36:34.700Z] [unzip] Entry: client/index.html (compressed_size=1364 bytes, uncompressed_size=3071 bytes)
[debug] [2026-08-28T03:36:34.700Z] [unzip] Processing entry: client/index.html
[debug] [2026-08-28T03:36:34.700Z] [unzip] else mkdir: /home/codespace/.cache/firebase/emulators/ui-v1.15.0/client
[debug] [2026-08-28T03:36:34.701Z] [unzip] deflating: /home/codespace/.cache/firebase/emulators/ui-v1.15.0/client/index.html
[debug] [2026-08-28T03:36:34.702Z] [unzip] Entry: client/android-chrome-192x192.png (compressed_size=2684 bytes, uncompressed_size=2684 bytes)
[debug] [2026-08-28T03:36:34.702Z] [unzip] Processing entry: client/android-chrome-192x192.png
[debug] [2026-08-28T03:36:34.703Z] [unzip] else mkdir: /home/codespace/.cache/firebase/emulators/ui-v1.15.0/client
[debug] [2026-08-28T03:36:34.703Z] [unzip] Writing file: /home/codespace/.cache/firebase/emulators/ui-v1.15.0/client/android-chrome-192x192.png
[debug] [2026-08-28T03:36:34.704Z] [unzip] Entry: client/apple-touch-icon.png (compressed_size=2123 bytes, uncompressed_size=2152 bytes)
[debug] [2026-08-28T03:36:34.705Z] [unzip] Processing entry: client/apple-touch-icon.png
[debug] [2026-08-28T03:36:34.705Z] [unzip] else mkdir: /home/codespace/.cache/firebase/emulators/ui-v1.15.0/client
[debug] [2026-08-28T03:36:34.705Z] [unzip] deflating: /home/codespace/.cache/firebase/emulators/ui-v1.15.0/client/apple-touch-icon.png
[debug] [2026-08-28T03:36:34.708Z] [unzip] Entry: client/android-chrome-512x512.png (compressed_size=5369 bytes, uncompressed_size=5411 bytes)
[debug] [2026-08-28T03:36:34.709Z] [unzip] Processing entry: client/android-chrome-512x512.png
[debug] [2026-08-28T03:36:34.709Z] [unzip] else mkdir: /home/codespace/.cache/firebase/emulators/ui-v1.15.0/client
[debug] [2026-08-28T03:36:34.710Z] [unzip] deflating: /home/codespace/.cache/firebase/emulators/ui-v1.15.0/client/android-chrome-512x512.png
[debug] [2026-08-28T03:36:34.712Z] [unzip] Entry: client/manifest.json (compressed_size=245 bytes, uncompressed_size=551 bytes)
[debug] [2026-08-28T03:36:34.713Z] [unzip] Processing entry: client/manifest.json
[debug] [2026-08-28T03:36:34.713Z] [unzip] else mkdir: /home/codespace/.cache/firebase/emulators/ui-v1.15.0/client
[debug] [2026-08-28T03:36:34.714Z] [unzip] deflating: /home/codespace/.cache/firebase/emulators/ui-v1.15.0/client/manifest.json
[debug] [2026-08-28T03:36:34.716Z] [unzip] Entry: client/robots.txt (compressed_size=26 bytes, uncompressed_size=26 bytes)
[debug] [2026-08-28T03:36:34.716Z] [unzip] Processing entry: client/robots.txt
[debug] [2026-08-28T03:36:34.716Z] [unzip] else mkdir: /home/codespace/.cache/firebase/emulators/ui-v1.15.0/client
[debug] [2026-08-28T03:36:34.717Z] [unzip] Writing file: /home/codespace/.cache/firebase/emulators/ui-v1.15.0/client/robots.txt
[debug] [2026-08-28T03:36:34.718Z] [unzip] Entry: client/mstile-150x150.png (compressed_size=2034 bytes, uncompressed_size=2034 bytes)
[debug] [2026-08-28T03:36:34.719Z] [unzip] Processing entry: client/mstile-150x150.png
[debug] [2026-08-28T03:36:34.719Z] [unzip] else mkdir: /home/codespace/.cache/firebase/emulators/ui-v1.15.0/client
[debug] [2026-08-28T03:36:34.720Z] [unzip] Writing file: /home/codespace/.cache/firebase/emulators/ui-v1.15.0/client/mstile-150x150.png
[debug] [2026-08-28T03:36:34.720Z] [unzip] Entry: client/assets/ (compressed_size=0 bytes, uncompressed_size=0 bytes)
[debug] [2026-08-28T03:36:34.720Z] [unzip] Processing entry: client/assets/
[debug] [2026-08-28T03:36:34.720Z] [unzip] mkdir: /home/codespace/.cache/firebase/emulators/ui-v1.15.0/client/assets/
[debug] [2026-08-28T03:36:34.721Z] [unzip] Entry: client/assets/index-BX-A56oj.js (compressed_size=582089 bytes, uncompressed_size=2092775 bytes)
[debug] [2026-08-28T03:36:34.721Z] [unzip] Processing entry: client/assets/index-BX-A56oj.js
[debug] [2026-08-28T03:36:34.721Z] [unzip] else mkdir: /home/codespace/.cache/firebase/emulators/ui-v1.15.0/client/assets
[debug] [2026-08-28T03:36:34.721Z] [unzip] deflating: /home/codespace/.cache/firebase/emulators/ui-v1.15.0/client/assets/index-BX-A56oj.js
[debug] [2026-08-28T03:36:34.840Z] [unzip] Entry: client/assets/index-CjB9C900.css (compressed_size=35979 bytes, uncompressed_size=298654 bytes)
[debug] [2026-08-28T03:36:34.840Z] [unzip] Processing entry: client/assets/index-CjB9C900.css
[debug] [2026-08-28T03:36:34.840Z] [unzip] else mkdir: /home/codespace/.cache/firebase/emulators/ui-v1.15.0/client/assets
[debug] [2026-08-28T03:36:34.840Z] [unzip] deflating: /home/codespace/.cache/firebase/emulators/ui-v1.15.0/client/assets/index-CjB9C900.css
[debug] [2026-08-28T03:36:34.845Z] [unzip] Entry: client/assets/index-BX-A56oj.js.map (compressed_size=2362482 bytes, uncompressed_size=10036679 bytes)
[debug] [2026-08-28T03:36:34.845Z] [unzip] Processing entry: client/assets/index-BX-A56oj.js.map
[debug] [2026-08-28T03:36:34.845Z] [unzip] else mkdir: /home/codespace/.cache/firebase/emulators/ui-v1.15.0/client/assets
[debug] [2026-08-28T03:36:34.845Z] [unzip] deflating: /home/codespace/.cache/firebase/emulators/ui-v1.15.0/client/assets/index-BX-A56oj.js.map
[debug] [2026-08-28T03:36:34.975Z] [unzip] Entry: client/assets/extensions/ (compressed_size=0 bytes, uncompressed_size=0 bytes)
[debug] [2026-08-28T03:36:34.976Z] [unzip] Processing entry: client/assets/extensions/
[debug] [2026-08-28T03:36:34.976Z] [unzip] mkdir: /home/codespace/.cache/firebase/emulators/ui-v1.15.0/client/assets/extensions/
[debug] [2026-08-28T03:36:34.981Z] [unzip] Entry: client/assets/extensions/default-extension.png (compressed_size=1646 bytes, uncompressed_size=1657 bytes)
[debug] [2026-08-28T03:36:34.981Z] [unzip] Processing entry: client/assets/extensions/default-extension.png
[debug] [2026-08-28T03:36:34.981Z] [unzip] else mkdir: /home/codespace/.cache/firebase/emulators/ui-v1.15.0/client/assets/extensions
[debug] [2026-08-28T03:36:34.983Z] [unzip] deflating: /home/codespace/.cache/firebase/emulators/ui-v1.15.0/client/assets/extensions/default-extension.png
[debug] [2026-08-28T03:36:34.987Z] [unzip] Entry: client/assets/img/ (compressed_size=0 bytes, uncompressed_size=0 bytes)
[debug] [2026-08-28T03:36:34.987Z] [unzip] Processing entry: client/assets/img/
[debug] [2026-08-28T03:36:34.987Z] [unzip] mkdir: /home/codespace/.cache/firebase/emulators/ui-v1.15.0/client/assets/img/
[debug] [2026-08-28T03:36:34.993Z] [unzip] Entry: client/assets/img/database.png (compressed_size=29449 bytes, uncompressed_size=29988 bytes)
[debug] [2026-08-28T03:36:34.993Z] [unzip] Processing entry: client/assets/img/database.png
[debug] [2026-08-28T03:36:34.993Z] [unzip] else mkdir: /home/codespace/.cache/firebase/emulators/ui-v1.15.0/client/assets/img
[debug] [2026-08-28T03:36:35.002Z] [unzip] deflating: /home/codespace/.cache/firebase/emulators/ui-v1.15.0/client/assets/img/database.png
[debug] [2026-08-28T03:36:35.017Z] [unzip] Entry: client/assets/provider-icons/ (compressed_size=0 bytes, uncompressed_size=0 bytes)
[debug] [2026-08-28T03:36:35.018Z] [unzip] Processing entry: client/assets/provider-icons/
[debug] [2026-08-28T03:36:35.018Z] [unzip] mkdir: /home/codespace/.cache/firebase/emulators/ui-v1.15.0/client/assets/provider-icons/
[debug] [2026-08-28T03:36:35.019Z] [unzip] Entry: client/assets/provider-icons/auth_service_saml.svg (compressed_size=575 bytes, uncompressed_size=1226 bytes)
[debug] [2026-08-28T03:36:35.019Z] [unzip] Processing entry: client/assets/provider-icons/auth_service_saml.svg
[debug] [2026-08-28T03:36:35.019Z] [unzip] else mkdir: /home/codespace/.cache/firebase/emulators/ui-v1.15.0/client/assets/provider-icons
[debug] [2026-08-28T03:36:35.033Z] [unzip] deflating: /home/codespace/.cache/firebase/emulators/ui-v1.15.0/client/assets/provider-icons/auth_service_saml.svg
[debug] [2026-08-28T03:36:35.040Z] [unzip] Entry: client/assets/provider-icons/auth_service_phone.svg (compressed_size=261 bytes, uncompressed_size=414 bytes)
[debug] [2026-08-28T03:36:35.040Z] [unzip] Processing entry: client/assets/provider-icons/auth_service_phone.svg
[debug] [2026-08-28T03:36:35.040Z] [unzip] else mkdir: /home/codespace/.cache/firebase/emulators/ui-v1.15.0/client/assets/provider-icons
[debug] [2026-08-28T03:36:35.041Z] [unzip] deflating: /home/codespace/.cache/firebase/emulators/ui-v1.15.0/client/assets/provider-icons/auth_service_phone.svg
[debug] [2026-08-28T03:36:35.044Z] [unzip] Entry: client/assets/provider-icons/auth_service_facebook.svg (compressed_size=289 bytes, uncompressed_size=457 bytes)
[debug] [2026-08-28T03:36:35.044Z] [unzip] Processing entry: client/assets/provider-icons/auth_service_facebook.svg
[debug] [2026-08-28T03:36:35.044Z] [unzip] else mkdir: /home/codespace/.cache/firebase/emulators/ui-v1.15.0/client/assets/provider-icons
[debug] [2026-08-28T03:36:35.048Z] [unzip] deflating: /home/codespace/.cache/firebase/emulators/ui-v1.15.0/client/assets/provider-icons/auth_service_facebook.svg
[debug] [2026-08-28T03:36:35.049Z] [unzip] Entry: client/assets/provider-icons/auth_service_game_center.svg (compressed_size=991 bytes, uncompressed_size=3921 bytes)
[debug] [2026-08-28T03:36:35.049Z] [unzip] Processing entry: client/assets/provider-icons/auth_service_game_center.svg
[debug] [2026-08-28T03:36:35.049Z] [unzip] else mkdir: /home/codespace/.cache/firebase/emulators/ui-v1.15.0/client/assets/provider-icons
[debug] [2026-08-28T03:36:35.051Z] [unzip] deflating: /home/codespace/.cache/firebase/emulators/ui-v1.15.0/client/assets/provider-icons/auth_service_game_center.svg
[debug] [2026-08-28T03:36:35.052Z] [unzip] Entry: client/assets/provider-icons/auth_service_apple.svg (compressed_size=230 bytes, uncompressed_size=334 bytes)
[debug] [2026-08-28T03:36:35.052Z] [unzip] Processing entry: client/assets/provider-icons/auth_service_apple.svg
[debug] [2026-08-28T03:36:35.052Z] [unzip] else mkdir: /home/codespace/.cache/firebase/emulators/ui-v1.15.0/client/assets/provider-icons
[debug] [2026-08-28T03:36:35.054Z] [unzip] deflating: /home/codespace/.cache/firebase/emulators/ui-v1.15.0/client/assets/provider-icons/auth_service_apple.svg
[debug] [2026-08-28T03:36:35.055Z] [unzip] Entry: client/assets/provider-icons/auth_service_github.svg (compressed_size=466 bytes, uncompressed_size=838 bytes)
[debug] [2026-08-28T03:36:35.055Z] [unzip] Processing entry: client/assets/provider-icons/auth_service_github.svg
[debug] [2026-08-28T03:36:35.055Z] [unzip] else mkdir: /home/codespace/.cache/firebase/emulators/ui-v1.15.0/client/assets/provider-icons
[debug] [2026-08-28T03:36:35.057Z] [unzip] deflating: /home/codespace/.cache/firebase/emulators/ui-v1.15.0/client/assets/provider-icons/auth_service_github.svg
[debug] [2026-08-28T03:36:35.060Z] [unzip] Entry: client/assets/provider-icons/auth_service_mslive.svg (compressed_size=203 bytes, uncompressed_size=378 bytes)
[debug] [2026-08-28T03:36:35.060Z] [unzip] Processing entry: client/assets/provider-icons/auth_service_mslive.svg
[debug] [2026-08-28T03:36:35.060Z] [unzip] else mkdir: /home/codespace/.cache/firebase/emulators/ui-v1.15.0/client/assets/provider-icons
[debug] [2026-08-28T03:36:35.060Z] [unzip] deflating: /home/codespace/.cache/firebase/emulators/ui-v1.15.0/client/assets/provider-icons/auth_service_mslive.svg
[debug] [2026-08-28T03:36:35.061Z] [unzip] Entry: client/assets/provider-icons/auth_service_yahoo.svg (compressed_size=577 bytes, uncompressed_size=1182 bytes)
[debug] [2026-08-28T03:36:35.062Z] [unzip] Processing entry: client/assets/provider-icons/auth_service_yahoo.svg
[debug] [2026-08-28T03:36:35.062Z] [unzip] else mkdir: /home/codespace/.cache/firebase/emulators/ui-v1.15.0/client/assets/provider-icons
[debug] [2026-08-28T03:36:35.063Z] [unzip] deflating: /home/codespace/.cache/firebase/emulators/ui-v1.15.0/client/assets/provider-icons/auth_service_yahoo.svg
[debug] [2026-08-28T03:36:35.065Z] [unzip] Entry: client/assets/provider-icons/auth_service_twitter.svg (compressed_size=444 bytes, uncompressed_size=751 bytes)
[debug] [2026-08-28T03:36:35.066Z] [unzip] Processing entry: client/assets/provider-icons/auth_service_twitter.svg
[debug] [2026-08-28T03:36:35.066Z] [unzip] else mkdir: /home/codespace/.cache/firebase/emulators/ui-v1.15.0/client/assets/provider-icons
[debug] [2026-08-28T03:36:35.066Z] [unzip] deflating: /home/codespace/.cache/firebase/emulators/ui-v1.15.0/client/assets/provider-icons/auth_service_twitter.svg
[debug] [2026-08-28T03:36:35.068Z] [unzip] Entry: client/assets/provider-icons/auth_service_play_games.svg (compressed_size=565 bytes, uncompressed_size=1173 bytes)
[debug] [2026-08-28T03:36:35.069Z] [unzip] Processing entry: client/assets/provider-icons/auth_service_play_games.svg
[debug] [2026-08-28T03:36:35.069Z] [unzip] else mkdir: /home/codespace/.cache/firebase/emulators/ui-v1.15.0/client/assets/provider-icons
[debug] [2026-08-28T03:36:35.070Z] [unzip] deflating: /home/codespace/.cache/firebase/emulators/ui-v1.15.0/client/assets/provider-icons/auth_service_play_games.svg
[debug] [2026-08-28T03:36:35.073Z] [unzip] Entry: client/assets/provider-icons/auth_service_email.svg (compressed_size=228 bytes, uncompressed_size=326 bytes)
[debug] [2026-08-28T03:36:35.073Z] [unzip] Processing entry: client/assets/provider-icons/auth_service_email.svg
[debug] [2026-08-28T03:36:35.073Z] [unzip] else mkdir: /home/codespace/.cache/firebase/emulators/ui-v1.15.0/client/assets/provider-icons
[debug] [2026-08-28T03:36:35.073Z] [unzip] deflating: /home/codespace/.cache/firebase/emulators/ui-v1.15.0/client/assets/provider-icons/auth_service_email.svg
[debug] [2026-08-28T03:36:35.074Z] [unzip] Entry: client/assets/provider-icons/auth_service_google.svg (compressed_size=409 bytes, uncompressed_size=720 bytes)
[debug] [2026-08-28T03:36:35.074Z] [unzip] Processing entry: client/assets/provider-icons/auth_service_google.svg
[debug] [2026-08-28T03:36:35.074Z] [unzip] else mkdir: /home/codespace/.cache/firebase/emulators/ui-v1.15.0/client/assets/provider-icons
[debug] [2026-08-28T03:36:35.078Z] [unzip] deflating: /home/codespace/.cache/firebase/emulators/ui-v1.15.0/client/assets/provider-icons/auth_service_google.svg
[debug] [2026-08-28T03:36:35.080Z] [unzip] Entry: client/assets/provider-icons/auth_service_oidc.svg (compressed_size=414 bytes, uncompressed_size=858 bytes)
[debug] [2026-08-28T03:36:35.080Z] [unzip] Processing entry: client/assets/provider-icons/auth_service_oidc.svg
[debug] [2026-08-28T03:36:35.081Z] [unzip] else mkdir: /home/codespace/.cache/firebase/emulators/ui-v1.15.0/client/assets/provider-icons
[debug] [2026-08-28T03:36:35.081Z] [unzip] deflating: /home/codespace/.cache/firebase/emulators/ui-v1.15.0/client/assets/provider-icons/auth_service_oidc.svg
[debug] [2026-08-28T03:36:35.083Z] [unzip] Entry: client/browserconfig.xml (compressed_size=491 bytes, uncompressed_size=822 bytes)
[debug] [2026-08-28T03:36:35.083Z] [unzip] Processing entry: client/browserconfig.xml
[debug] [2026-08-28T03:36:35.083Z] [unzip] else mkdir: /home/codespace/.cache/firebase/emulators/ui-v1.15.0/client
[debug] [2026-08-28T03:36:35.085Z] [unzip] deflating: /home/codespace/.cache/firebase/emulators/ui-v1.15.0/client/browserconfig.xml
[debug] [2026-08-28T03:36:35.087Z] [unzip] Entry: client/favicon-32x32.png (compressed_size=475 bytes, uncompressed_size=475 bytes)
[debug] [2026-08-28T03:36:35.087Z] [unzip] Processing entry: client/favicon-32x32.png
[debug] [2026-08-28T03:36:35.087Z] [unzip] else mkdir: /home/codespace/.cache/firebase/emulators/ui-v1.15.0/client
[debug] [2026-08-28T03:36:35.088Z] [unzip] Writing file: /home/codespace/.cache/firebase/emulators/ui-v1.15.0/client/favicon-32x32.png
[debug] [2026-08-28T03:36:35.093Z] [unzip] Entry: server/ (compressed_size=0 bytes, uncompressed_size=0 bytes)
[debug] [2026-08-28T03:36:35.093Z] [unzip] Processing entry: server/
[debug] [2026-08-28T03:36:35.093Z] [unzip] mkdir: /home/codespace/.cache/firebase/emulators/ui-v1.15.0/server/
[debug] [2026-08-28T03:36:35.093Z] [unzip] Entry: server/server.mjs.map (compressed_size=217845 bytes, uncompressed_size=944978 bytes)
[debug] [2026-08-28T03:36:35.093Z] [unzip] Processing entry: server/server.mjs.map
[debug] [2026-08-28T03:36:35.093Z] [unzip] else mkdir: /home/codespace/.cache/firebase/emulators/ui-v1.15.0/server
[debug] [2026-08-28T03:36:35.094Z] [unzip] deflating: /home/codespace/.cache/firebase/emulators/ui-v1.15.0/server/server.mjs.map
[debug] [2026-08-28T03:36:35.110Z] [unzip] Entry: server/server.mjs (compressed_size=276407 bytes, uncompressed_size=933701 bytes)
[debug] [2026-08-28T03:36:35.110Z] [unzip] Processing entry: server/server.mjs
[debug] [2026-08-28T03:36:35.110Z] [unzip] else mkdir: /home/codespace/.cache/firebase/emulators/ui-v1.15.0/server
[debug] [2026-08-28T03:36:35.111Z] [unzip] deflating: /home/codespace/.cache/firebase/emulators/ui-v1.15.0/server/server.mjs
[info] i  functions: Watching "/workspaces/sistema-ventas/functions" for Cloud Functions... {"metadata":{"emulator":{"name":"functions"},"message":"Watching \"/workspaces/sistema-ventas/functions\" for Cloud Functions..."}}
[debug] [2026-08-28T03:36:35.165Z] Validating nodejs source
[warn] ⚠  functions: package.json indicates an outdated version of firebase-functions. Please upgrade using npm install --save firebase-functions@latest in your functions directory. 
[warn] ⚠  functions: Please note that there will be breaking changes when you upgrade. 
[debug] [2026-08-28T03:36:36.511Z] > [functions] package.json contents: {
  "name": "sistema-ventas-functions",
  "private": true,
  "engines": {
    "node": "20"
  },
  "main": "index.js",
  "scripts": {
    "lint": "node --check index.js"
  },
  "dependencies": {
    "firebase-admin": "^12.7.0",
    "firebase-functions": "^6.1.0"
  }
}
[debug] [2026-08-28T03:36:36.511Z] Building nodejs source
[debug] [2026-08-28T03:36:36.512Z] Failed to find version of module node: reached end of search path /workspaces/sistema-ventas/functions/node_modules
[warn] ⚠  functions: Your requested "node" version "20" doesn't match your global version "24". Using node@24 from host. 
[debug] [2026-08-28T03:36:36.514Z] Could not find functions.yaml. Must use http discovery
[debug] [2026-08-28T03:36:36.518Z] Found firebase-functions binary at '/workspaces/sistema-ventas/functions/node_modules/.bin/firebase-functions'
[info] Serving at port 8237

[debug] [2026-08-28T03:36:37.276Z] Got response from /__/functions.yaml {"endpoints":{"asignarRol":{"availableMemoryMb":null,"timeoutSeconds":null,"minInstances":null,"maxInstances":null,"ingressSettings":null,"concurrency":null,"serviceAccountEmail":null,"vpc":null,"platform":"gcfv2","region":["us-central1"],"labels":{},"callableTrigger":{},"entryPoint":"asignarRol"},"registrarVentaOffline":{"availableMemoryMb":null,"timeoutSeconds":null,"minInstances":null,"maxInstances":null,"ingressSettings":null,"concurrency":null,"serviceAccountEmail":null,"vpc":null,"platform":"gcfv2","region":["us-central1"],"labels":{},"callableTrigger":{},"entryPoint":"registrarVentaOffline"}},"specVersion":"v1alpha1","requiredAPIs":[],"extensions":{}}
[info] ✔  functions: Loaded functions definitions from source: asignarRol, registrarVentaOffline. {"metadata":{"emulator":{"name":"functions"},"message":"Loaded functions definitions from source: asignarRol, registrarVentaOffline."}}
[info] ✔  functions[us-central1-asignarRol]: http function initialized (http://127.0.0.1:5001/supermercado-marian/us-central1/asignarRol). {"metadata":{"emulator":{"name":"functions"},"message":"\u001b[1mhttp\u001b[22m function initialized (http://127.0.0.1:5001/supermercado-marian/us-central1/asignarRol)."}}
[info] ✔  functions[us-central1-registrarVentaOffline]: http function initialized (http://127.0.0.1:5001/supermercado-marian/us-central1/registrarVentaOffline). {"metadata":{"emulator":{"name":"functions"},"message":"\u001b[1mhttp\u001b[22m function initialized (http://127.0.0.1:5001/supermercado-marian/us-central1/registrarVentaOffline)."}}
[debug] [2026-08-28T03:36:40.332Z] Could not find VSCode notification endpoint: TypeError: fetch failed. If you are not running the Firebase SQL Connect VSCode extension, this is expected and not an issue.
[info] 
┌─────────────────────────────────────────────────────────────┐
│ ✔  All emulators ready! It is now safe to connect your app. │
│ i  View Emulator UI at http://127.0.0.1:4000/               │
└─────────────────────────────────────────────────────────────┘

┌───────────┬────────────────┬─────────────────────────────────┐
│ Emulator  │ Host:Port      │ View in Emulator UI             │
├───────────┼────────────────┼─────────────────────────────────┤
│ Functions │ 127.0.0.1:5001 │ http://127.0.0.1:4000/functions │
├───────────┼────────────────┼─────────────────────────────────┤
│ Firestore │ 127.0.0.1:8081 │ http://127.0.0.1:4000/firestore │
└───────────┴────────────────┴─────────────────────────────────┘
  Emulator Hub host: 127.0.0.1 port: 4400
  Other reserved ports: 4500, 9150

Issues? Report them at https://github.com/firebase/firebase-tools/issues and attach the *-debug.log files.
 
[debug] [2026-08-28T03:37:13.392Z] [work-queue] {"queuedWork":["/supermercado-marian/us-central1/registrarVentaOffline-2026-08-28T03:37:13.392Z"],"queueLength":1,"runningWork":[],"workRunningCount":0}
[debug] [2026-08-28T03:37:13.392Z] [work-queue] {"queuedWork":[],"queueLength":0,"runningWork":["/supermercado-marian/us-central1/registrarVentaOffline-2026-08-28T03:37:13.392Z"],"workRunningCount":1}
[debug] [2026-08-28T03:37:13.393Z] Accepted request POST /supermercado-marian/us-central1/registrarVentaOffline --> us-central1-registrarVentaOffline
[debug] [2026-08-28T03:37:13.393Z] DEBUG: [functions] Runtime ready! Sending request!
[debug] [2026-08-28T03:37:13.393Z] DEBUG: [functions] Got req.url=/supermercado-marian/us-central1/registrarVentaOffline, mapping to path=/
[debug] [2026-08-28T03:37:13.408Z] DEBUG: [worker-pool] addWorker(us-central1-registrarVentaOffline)
[debug] [2026-08-28T03:37:13.409Z] DEBUG: [worker-pool] Adding worker with key us-central1-registrarVentaOffline, total=1
[debug] [2026-08-28T03:37:14.198Z] DEBUG: [runtime-status] [37007] Resolved module firebase-admin {"declared":true,"installed":true,"version":"12.7.0","resolution":"/workspaces/sistema-ventas/functions/node_modules/firebase-admin/lib/index.js"}
[debug] [2026-08-28T03:37:14.198Z] DEBUG: [runtime-status] [37007] Resolved module firebase-functions {"declared":true,"installed":true,"version":"6.6.0","resolution":"/workspaces/sistema-ventas/functions/node_modules/firebase-functions/lib/v2/index.js"}
[debug] [2026-08-28T03:37:14.198Z] DEBUG: [runtime-status] [37007] Outgoing network have been stubbed. [{"name":"http","status":"mocked"},{"name":"http","status":"mocked"},{"name":"https","status":"mocked"},{"name":"https","status":"mocked"},{"name":"net","status":"mocked"}]
[debug] [2026-08-28T03:37:14.198Z] DEBUG: [runtime-status] [37007] Resolved module firebase-functions {"declared":true,"installed":true,"version":"6.6.0","resolution":"/workspaces/sistema-ventas/functions/node_modules/firebase-functions/lib/v2/index.js"}
[debug] [2026-08-28T03:37:14.283Z] DEBUG: [runtime-status] [37007] Resolved module firebase-admin {"declared":true,"installed":true,"version":"12.7.0","resolution":"/workspaces/sistema-ventas/functions/node_modules/firebase-admin/lib/index.js"}
[debug] [2026-08-28T03:37:14.283Z] DEBUG: [runtime-status] [37007] Resolved module firebase-functions {"declared":true,"installed":true,"version":"6.6.0","resolution":"/workspaces/sistema-ventas/functions/node_modules/firebase-functions/lib/v2/index.js"}
[debug] [2026-08-28T03:37:14.386Z] DEBUG: [runtime-status] [37007] firebase-admin has been stubbed. {"adminResolution":{"declared":true,"installed":true,"version":"12.7.0","resolution":"/workspaces/sistema-ventas/functions/node_modules/firebase-admin/lib/index.js"}}
[debug] [2026-08-28T03:37:14.389Z] DEBUG: [runtime-status] [37007] initializeApp(DEFAULT) {"storageBucket":"supermercado-marian.appspot.com","databaseURL":"https://supermercado-marian.firebaseio.com","projectId":"supermercado-marian"}
[debug] [2026-08-28T03:37:14.399Z] DEBUG: [runtime-status] [37007] Functions runtime initialized. {"cwd":"/workspaces/sistema-ventas/functions","node_version":"24.14.0"}
[debug] [2026-08-28T03:37:14.400Z] DEBUG: [runtime-status] [37007] Listening to port: /tmp/fire_emu_a7d22c4b896f65b9.sock
[debug] [2026-08-28T03:37:14.447Z] DEBUG: [worker-us-central1-registrarVentaOffline-70e114fc-aa1c-4865-b14f-05680032403f]: IDLE
[debug] [2026-08-28T03:37:14.448Z] DEBUG: [worker-pool] submitRequest(triggerId=us-central1-registrarVentaOffline)
[info] i  functions: Beginning execution of "us-central1-registrarVentaOffline" {"metadata":{"emulator":{"name":"functions"},"function":{"name":"us-central1-registrarVentaOffline"},"extension":{},"message":"Beginning execution of \"us-central1-registrarVentaOffline\""}}
[debug] [2026-08-28T03:37:14.448Z] DEBUG: [worker-us-central1-registrarVentaOffline-70e114fc-aa1c-4865-b14f-05680032403f]: BUSY
[info] >  {"verifications":{"app":"MISSING","auth":"MISSING"},"logging.googleapis.com/labels":{"firebase-log-type":"callable-request-verification"},"severity":"DEBUG","message":"Callable request verification passed"} {"user":{"verifications":{"app":"MISSING","auth":"MISSING"},"logging.googleapis.com/labels":{"firebase-log-type":"callable-request-verification"},"severity":"DEBUG","message":"Callable request verification passed"},"metadata":{"emulator":{"name":"functions"},"function":{"name":"us-central1-registrarVentaOffline"},"extension":{},"message":"\u001b[90m> \u001b[39m {\"verifications\":{\"app\":\"MISSING\",\"auth\":\"MISSING\"},\"logging.googleapis.com/labels\":{\"firebase-log-type\":\"callable-request-verification\"},\"severity\":\"DEBUG\",\"message\":\"Callable request verification passed\"}"}}
[debug] [2026-08-28T03:37:14.473Z] DEBUG: Finishing up request with event=pause
[info] i  functions: Finished "us-central1-registrarVentaOffline" in 24.605666ms {"metadata":{"emulator":{"name":"functions"},"function":{"name":"us-central1-registrarVentaOffline"},"extension":{},"message":"Finished \"us-central1-registrarVentaOffline\" in 24.605666ms"}}
[debug] [2026-08-28T03:37:14.473Z] DEBUG: [worker-us-central1-registrarVentaOffline-70e114fc-aa1c-4865-b14f-05680032403f]: IDLE
[debug] [2026-08-28T03:37:14.473Z] DEBUG: Finishing up request with event=finish
[debug] [2026-08-28T03:37:14.473Z] DEBUG: Finishing up request with event=close
[debug] [2026-08-28T03:37:14.474Z] [work-queue] {"queuedWork":[],"queueLength":0,"runningWork":[],"workRunningCount":0}
[debug] [2026-08-28T03:37:18.166Z] Received signal SIGHUP 1
[info]  
[info] i  emulators: Received SIGHUP for the first time. Starting a clean shutdown. 
[info] i  emulators: Please wait for a clean shutdown or send the SIGHUP signal again to stop right now. 
[info] i  emulators: Shutting down emulators. {"metadata":{"emulator":{"name":"hub"},"message":"Shutting down emulators."}}
[info] i  ui: Stopping Emulator UI {"metadata":{"emulator":{"name":"ui"},"message":"Stopping Emulator UI"}}
[info] i  functions: Stopping Functions Emulator {"metadata":{"emulator":{"name":"functions"},"message":"Stopping Functions Emulator"}}
[info] i  firestore: Stopping Firestore Emulator {"metadata":{"emulator":{"name":"firestore"},"message":"Stopping Firestore Emulator"}}
[debug] [2026-08-28T03:37:18.185Z] DEBUG: *** shutting down gRPC server since JVM is shutting down

[debug] [2026-08-28T03:37:18.191Z] DEBUG: *** server shut down

[debug] [2026-08-28T03:37:18.197Z] DEBUG: [worker-us-central1-registrarVentaOffline-70e114fc-aa1c-4865-b14f-05680032403f]: exited
[debug] [2026-08-28T03:37:18.198Z] DEBUG: [worker-us-central1-registrarVentaOffline-70e114fc-aa1c-4865-b14f-05680032403f]: FINISHED
[info] i  eventarc: Stopping Eventarc Emulator {"metadata":{"emulator":{"name":"eventarc"},"message":"Stopping Eventarc Emulator"}}
[debug] [2026-08-28T03:37:18.517Z] Error: write EIO
    at afterWriteDispatched (node:internal/stream_base_commons:159:15)
    at writeGeneric (node:internal/stream_base_commons:150:3)
    at Socket._writeGeneric (node:net:966:11)
    at Socket._write (node:net:978:8)
    at writeOrBuffer (node:internal/streams/writable:570:12)
    at _write (node:internal/streams/writable:499:10)
    at Writable.write (node:internal/streams/writable:508:10)
    at Console.log (/home/codespace/.npm/_npx/7750544ccf494d8b/node_modules/winston/lib/winston/transports/console.js:87:23)
    at Console._write (/home/codespace/.npm/_npx/7750544ccf494d8b/node_modules/winston-transport/modern.js:103:17)
    at doWrite (/home/codespace/.npm/_npx/7750544ccf494d8b/node_modules/winston-transport/node_modules/readable-stream/lib/_stream_writable.js:390:139)
[error] 
[error] Error: An unexpected error has occurred.
[debug] [2026-08-28T03:37:18.518Z] Error: write EIO
    at afterWriteDispatched (node:internal/stream_base_commons:159:15)
    at writeGeneric (node:internal/stream_base_commons:150:3)
    at Socket._writeGeneric (node:net:966:11)
    at Socket._write (node:net:978:8)
    at writeOrBuffer (node:internal/streams/writable:570:12)
    at _write (node:internal/streams/writable:499:10)
    at Writable.write (node:internal/streams/writable:508:10)
    at Console.log (/home/codespace/.npm/_npx/7750544ccf494d8b/node_modules/winston/lib/winston/transports/console.js:87:23)
    at Console._write (/home/codespace/.npm/_npx/7750544ccf494d8b/node_modules/winston-transport/modern.js:103:17)
    at doWrite (/home/codespace/.npm/_npx/7750544ccf494d8b/node_modules/winston-transport/node_modules/readable-stream/lib/_stream_writable.js:390:139)
[error] 
[error] Error: An unexpected error has occurred.
[debug] [2026-08-28T03:37:18.521Z] Error: write EIO
    at afterWriteDispatched (node:internal/stream_base_commons:159:15)
    at writeGeneric (node:internal/stream_base_commons:150:3)
    at Socket._writeGeneric (node:net:966:11)
    at Socket._write (node:net:978:8)
    at writeOrBuffer (node:internal/streams/writable:570:12)
    at _write (node:internal/streams/writable:499:10)
    at Writable.write (node:internal/streams/writable:508:10)
    at Console.log (/home/codespace/.npm/_npx/7750544ccf494d8b/node_modules/winston/lib/winston/transports/console.js:87:23)
    at Console._write (/home/codespace/.npm/_npx/7750544ccf494d8b/node_modules/winston-transport/modern.js:103:17)
    at doWrite (/home/codespace/.npm/_npx/7750544ccf494d8b/node_modules/winston-transport/node_modules/readable-stream/lib/_stream_writable.js:390:139)
[error] 
[error] Error: An unexpected error has occurred.
[debug] [2026-08-28T03:37:18.524Z] Error: write EIO
    at afterWriteDispatched (node:internal/stream_base_commons:159:15)
    at writeGeneric (node:internal/stream_base_commons:150:3)
    at Socket._writeGeneric (node:net:966:11)
    at Socket._write (node:net:978:8)
    at writeOrBuffer (node:internal/streams/writable:570:12)
    at _write (node:internal/streams/writable:499:10)
    at Writable.write (node:internal/streams/writable:508:10)
    at Console.log (/home/codespace/.npm/_npx/7750544ccf494d8b/node_modules/winston/lib/winston/transports/console.js:87:23)
    at Console._write (/home/codespace/.npm/_npx/7750544ccf494d8b/node_modules/winston-transport/modern.js:103:17)
    at doWrite (/home/codespace/.npm/_npx/7750544ccf494d8b/node_modules/winston-transport/node_modules/readable-stream/lib/_stream_writable.js:390:139)
[error] 
[error] Error: An unexpected error has occurred.
[debug] [2026-08-28T03:37:18.526Z] Error: write EIO
    at afterWriteDispatched (node:internal/stream_base_commons:159:15)
    at writeGeneric (node:internal/stream_base_commons:150:3)
    at Socket._writeGeneric (node:net:966:11)
    at Socket._write (node:net:978:8)
    at writeOrBuffer (node:internal/streams/writable:570:12)
    at _write (node:internal/streams/writable:499:10)
    at Writable.write (node:internal/streams/writable:508:10)
    at Console.log (/home/codespace/.npm/_npx/7750544ccf494d8b/node_modules/winston/lib/winston/transports/console.js:87:23)
    at Console._write (/home/codespace/.npm/_npx/7750544ccf494d8b/node_modules/winston-transport/modern.js:103:17)
    at doWrite (/home/codespace/.npm/_npx/7750544ccf494d8b/node_modules/winston-transport/node_modules/readable-stream/lib/_stream_writable.js:390:139)
[error] 
[error] Error: An unexpected error has occurred.
[debug] [2026-08-28T03:37:18.527Z] Error: write EIO
    at afterWriteDispatched (node:internal/stream_base_commons:159:15)
    at writeGeneric (node:internal/stream_base_commons:150:3)
    at Socket._writeGeneric (node:net:966:11)
    at Socket._write (node:net:978:8)
    at writeOrBuffer (node:internal/streams/writable:570:12)
    at _write (node:internal/streams/writable:499:10)
    at Writable.write (node:internal/streams/writable:508:10)
    at Console.log (/home/codespace/.npm/_npx/7750544ccf494d8b/node_modules/winston/lib/winston/transports/console.js:87:23)
    at Console._write (/home/codespace/.npm/_npx/7750544ccf494d8b/node_modules/winston-transport/modern.js:103:17)
    at doWrite (/home/codespace/.npm/_npx/7750544ccf494d8b/node_modules/winston-transport/node_modules/readable-stream/lib/_stream_writable.js:390:139)
[error] 
[error] Error: An unexpected error has occurred.
[debug] [2026-08-28T03:37:18.527Z] Error: write EIO
    at afterWriteDispatched (node:internal/stream_base_commons:159:15)
    at writeGeneric (node:internal/stream_base_commons:150:3)
    at Socket._writeGeneric (node:net:966:11)
    at Socket._write (node:net:978:8)
    at writeOrBuffer (node:internal/streams/writable:570:12)
    at _write (node:internal/streams/writable:499:10)
    at Writable.write (node:internal/streams/writable:508:10)
    at Console.log (/home/codespace/.npm/_npx/7750544ccf494d8b/node_modules/winston/lib/winston/transports/console.js:87:23)
    at Console._write (/home/codespace/.npm/_npx/7750544ccf494d8b/node_modules/winston-transport/modern.js:103:17)
    at doWrite (/home/codespace/.npm/_npx/7750544ccf494d8b/node_modules/winston-transport/node_modules/readable-stream/lib/_stream_writable.js:390:139)
[error] 
[error] Error: An unexpected error has occurred.
[debug] [2026-08-28T03:37:18.527Z] Error: write EIO
    at afterWriteDispatched (node:internal/stream_base_commons:159:15)
    at writeGeneric (node:internal/stream_base_commons:150:3)
    at Socket._writeGeneric (node:net:966:11)
    at Socket._write (node:net:978:8)
    at writeOrBuffer (node:internal/streams/writable:570:12)
    at _write (node:internal/streams/writable:499:10)
    at Writable.write (node:internal/streams/writable:508:10)
    at Console.log (/home/codespace/.npm/_npx/7750544ccf494d8b/node_modules/winston/lib/winston/transports/console.js:87:23)
    at Console._write (/home/codespace/.npm/_npx/7750544ccf494d8b/node_modules/winston-transport/modern.js:103:17)
    at doWrite (/home/codespace/.npm/_npx/7750544ccf494d8b/node_modules/winston-transport/node_modules/readable-stream/lib/_stream_writable.js:390:139)
[error] 
[error] Error: An unexpected error has occurred.
[debug] [2026-08-28T03:37:18.528Z] Error: write EIO
    at afterWriteDispatched (node:internal/stream_base_commons:159:15)
    at writeGeneric (node:internal/stream_base_commons:150:3)
    at Socket._writeGeneric (node:net:966:11)
    at Socket._write (node:net:978:8)
    at writeOrBuffer (node:internal/streams/writable:570:12)
    at _write (node:internal/streams/writable:499:10)
    at Writable.write (node:internal/streams/writable:508:10)
    at Console.log (/home/codespace/.npm/_npx/7750544ccf494d8b/node_modules/winston/lib/winston/transports/console.js:87:23)
    at Console._write (/home/codespace/.npm/_npx/7750544ccf494d8b/node_modules/winston-transport/modern.js:103:17)
    at doWrite (/home/codespace/.npm/_npx/7750544ccf494d8b/node_modules/winston-transport/node_modules/readable-stream/lib/_stream_writable.js:390:139)
[error] 
[error] Error: An unexpected error has occurred.
[debug] [2026-08-28T03:37:18.528Z] Error: write EIO
    at afterWriteDispatched (node:internal/stream_base_commons:159:15)
    at writeGeneric (node:internal/stream_base_commons:150:3)
    at Socket._writeGeneric (node:net:966:11)
    at Socket._write (node:net:978:8)
    at writeOrBuffer (node:internal/streams/writable:570:12)
    at _write (node:internal/streams/writable:499:10)
    at Writable.write (node:internal/streams/writable:508:10)
    at Console.log (/home/codespace/.npm/_npx/7750544ccf494d8b/node_modules/winston/lib/winston/transports/console.js:87:23)
    at Console._write (/home/codespace/.npm/_npx/7750544ccf494d8b/node_modules/winston-transport/modern.js:103:17)
    at doWrite (/home/codespace/.npm/_npx/7750544ccf494d8b/node_modules/winston-transport/node_modules/readable-stream/lib/_stream_writable.js:390:139)
[error] 
[error] Error: An unexpected error has occurred.
[debug] [2026-08-28T03:37:18.528Z] Error: write EIO
    at afterWriteDispatched (node:internal/stream_base_commons:159:15)
    at writeGeneric (node:internal/stream_base_commons:150:3)
    at Socket._writeGeneric (node:net:966:11)
    at Socket._write (node:net:978:8)
    at writeOrBuffer (node:internal/streams/writable:570:12)
    at _write (node:internal/streams/writable:499:10)
    at Writable.write (node:internal/streams/writable:508:10)
    at Console.log (/home/codespace/.npm/_npx/7750544ccf494d8b/node_modules/winston/lib/winston/transports/console.js:87:23)
    at Console._write (/home/codespace/.npm/_npx/7750544ccf494d8b/node_modules/winston-transport/modern.js:103:17)
    at doWrite (/home/codespace/.npm/_npx/7750544ccf494d8b/node_modules/winston-transport/node_modules/readable-stream/lib/_stream_writable.js:390:139)
[error] 
[error] Error: An unexpected error has occurred.
[debug] [2026-08-28T03:37:18.530Z] Error: write EIO
    at afterWriteDispatched (node:internal/stream_base_commons:159:15)
    at writeGeneric (node:internal/stream_base_commons:150:3)
    at Socket._writeGeneric (node:net:966:11)
    at Socket._write (node:net:978:8)
    at writeOrBuffer (node:internal/streams/writable:570:12)
    at _write (node:internal/streams/writable:499:10)
    at Writable.write (node:internal/streams/writable:508:10)
    at Console.log (/home/codespace/.npm/_npx/7750544ccf494d8b/node_modules/winston/lib/winston/transports/console.js:87:23)
    at Console._write (/home/codespace/.npm/_npx/7750544ccf494d8b/node_modules/winston-transport/modern.js:103:17)
    at doWrite (/home/codespace/.npm/_npx/7750544ccf494d8b/node_modules/winston-transport/node_modules/readable-stream/lib/_stream_writable.js:390:139)
[error] 
[error] Error: An unexpected error has occurred.
[debug] [2026-08-28T03:37:18.530Z] Error: write EIO
    at afterWriteDispatched (node:internal/stream_base_commons:159:15)
    at writeGeneric (node:internal/stream_base_commons:150:3)
    at Socket._writeGeneric (node:net:966:11)
    at Socket._write (node:net:978:8)
    at writeOrBuffer (node:internal/streams/writable:570:12)
    at _write (node:internal/streams/writable:499:10)
    at Writable.write (node:internal/streams/writable:508:10)
    at Console.log (/home/codespace/.npm/_npx/7750544ccf494d8b/node_modules/winston/lib/winston/transports/console.js:87:23)
    at Console._write (/home/codespace/.npm/_npx/7750544ccf494d8b/node_modules/winston-transport/modern.js:103:17)
    at doWrite (/home/codespace/.npm/_npx/7750544ccf494d8b/node_modules/winston-transport/node_modules/readable-stream/lib/_stream_writable.js:390:139)
[error] 
[error] Error: An unexpected error has occurred.
[debug] [2026-08-28T03:37:18.530Z] Error: write EIO
    at afterWriteDispatched (node:internal/stream_base_commons:159:15)
    at writeGeneric (node:internal/stream_base_commons:150:3)
    at Socket._writeGeneric (node:net:966:11)
    at Socket._write (node:net:978:8)
    at writeOrBuffer (node:internal/streams/writable:570:12)
    at _write (node:internal/streams/writable:499:10)
    at Writable.write (node:internal/streams/writable:508:10)
    at Console.log (/home/codespace/.npm/_npx/7750544ccf494d8b/node_modules/winston/lib/winston/transports/console.js:87:23)
    at Console._write (/home/codespace/.npm/_npx/7750544ccf494d8b/node_modules/winston-transport/modern.js:103:17)
    at doWrite (/home/codespace/.npm/_npx/7750544ccf494d8b/node_modules/winston-transport/node_modules/readable-stream/lib/_stream_writable.js:390:139)
[error] 
[error] Error: An unexpected error has occurred.
[debug] [2026-08-28T03:37:18.530Z] Error: write EIO
    at afterWriteDispatched (node:internal/stream_base_commons:159:15)
    at writeGeneric (node:internal/stream_base_commons:150:3)
    at Socket._writeGeneric (node:net:966:11)
    at Socket._write (node:net:978:8)
    at writeOrBuffer (node:internal/streams/writable:570:12)
    at _write (node:internal/streams/writable:499:10)
    at Writable.write (node:internal/streams/writable:508:10)
    at Console.log (/home/codespace/.npm/_npx/7750544ccf494d8b/node_modules/winston/lib/winston/transports/console.js:87:23)
    at Console._write (/home/codespace/.npm/_npx/7750544ccf494d8b/node_modules/winston-transport/modern.js:103:17)
    at doWrite (/home/codespace/.npm/_npx/7750544ccf494d8b/node_modules/winston-transport/node_modules/readable-stream/lib/_stream_writable.js:390:139)
[error] 
[error] Error: An unexpected error has occurred.
[debug] [2026-08-28T03:37:18.531Z] Error: write EIO
    at afterWriteDispatched (node:internal/stream_base_commons:159:15)
    at writeGeneric (node:internal/stream_base_commons:150:3)
    at Socket._writeGeneric (node:net:966:11)
    at Socket._write (node:net:978:8)
    at writeOrBuffer (node:internal/streams/writable:570:12)
    at _write (node:internal/streams/writable:499:10)
    at Writable.write (node:internal/streams/writable:508:10)
    at Console.log (/home/codespace/.npm/_npx/7750544ccf494d8b/node_modules/winston/lib/winston/transports/console.js:87:23)
    at Console._write (/home/codespace/.npm/_npx/7750544ccf494d8b/node_modules/winston-transport/modern.js:103:17)
    at doWrite (/home/codespace/.npm/_npx/7750544ccf494d8b/node_modules/winston-transport/node_modules/readable-stream/lib/_stream_writable.js:390:139)
[error] 
[error] Error: An unexpected error has occurred.
[debug] [2026-08-28T03:37:18.531Z] Error: write EIO
    at afterWriteDispatched (node:internal/stream_base_commons:159:15)
    at writeGeneric (node:internal/stream_base_commons:150:3)
    at Socket._writeGeneric (node:net:966:11)
    at Socket._write (node:net:978:8)
    at writeOrBuffer (node:internal/streams/writable:570:12)
    at _write (node:internal/streams/writable:499:10)
    at Writable.write (node:internal/streams/writable:508:10)
    at Console.log (/home/codespace/.npm/_npx/7750544ccf494d8b/node_modules/winston/lib/winston/transports/console.js:87:23)
    at Console._write (/home/codespace/.npm/_npx/7750544ccf494d8b/node_modules/winston-transport/modern.js:103:17)
    at doWrite (/home/codespace/.npm/_npx/7750544ccf494d8b/node_modules/winston-transport/node_modules/readable-stream/lib/_stream_writable.js:390:139)
[error] 
[error] Error: An unexpected error has occurred.
[debug] [2026-08-28T03:37:18.531Z] Error: write EIO
    at afterWriteDispatched (node:internal/stream_base_commons:159:15)
    at writeGeneric (node:internal/stream_base_commons:150:3)
    at Socket._writeGeneric (node:net:966:11)
    at Socket._write (node:net:978:8)
    at writeOrBuffer (node:internal/streams/writable:570:12)
    at _write (node:internal/streams/writable:499:10)
    at Writable.write (node:internal/streams/writable:508:10)
    at Console.log (/home/codespace/.npm/_npx/7750544ccf494d8b/node_modules/winston/lib/winston/transports/console.js:87:23)
    at Console._write (/home/codespace/.npm/_npx/7750544ccf494d8b/node_modules/winston-transport/modern.js:103:17)
    at doWrite (/home/codespace/.npm/_npx/7750544ccf494d8b/node_modules/winston-transport/node_modules/readable-stream/lib/_stream_writable.js:390:139)
[error] 
[error] Error: An unexpected error has occurred.
[debug] [2026-08-28T03:37:18.532Z] Error: write EIO
    at afterWriteDispatched (node:internal/stream_base_commons:159:15)
    at writeGeneric (node:internal/stream_base_commons:150:3)
    at Socket._writeGeneric (node:net:966:11)
    at Socket._write (node:net:978:8)
    at writeOrBuffer (node:internal/streams/writable:570:12)
    at _write (node:internal/streams/writable:499:10)
    at Writable.write (node:internal/streams/writable:508:10)
    at Console.log (/home/codespace/.npm/_npx/7750544ccf494d8b/node_modules/winston/lib/winston/transports/console.js:87:23)
    at Console._write (/home/codespace/.npm/_npx/7750544ccf494d8b/node_modules/winston-transport/modern.js:103:17)
    at doWrite (/home/codespace/.npm/_npx/7750544ccf494d8b/node_modules/winston-transport/node_modules/readable-stream/lib/_stream_writable.js:390:139)
[error] 
[error] Error: An unexpected error has occurred.
[debug] [2026-08-28T03:37:18.532Z] Error: write EIO
    at afterWriteDispatched (node:internal/stream_base_commons:159:15)
    at writeGeneric (node:internal/stream_base_commons:150:3)
    at Socket._writeGeneric (node:net:966:11)
    at Socket._write (node:net:978:8)
    at writeOrBuffer (node:internal/streams/writable:570:12)
    at _write (node:internal/streams/writable:499:10)
    at Writable.write (node:internal/streams/writable:508:10)
    at Console.log (/home/codespace/.npm/_npx/7750544ccf494d8b/node_modules/winston/lib/winston/transports/console.js:87:23)
    at Console._write (/home/codespace/.npm/_npx/7750544ccf494d8b/node_modules/winston-transport/modern.js:103:17)
    at doWrite (/home/codespace/.npm/_npx/7750544ccf494d8b/node_modules/winston-transport/node_modules/readable-stream/lib/_stream_writable.js:390:139)
[error] 
[error] Error: An unexpected error has occurred.
[debug] [2026-08-28T03:37:18.532Z] Error: write EIO
    at afterWriteDispatched (node:internal/stream_base_commons:159:15)
    at writeGeneric (node:internal/stream_base_commons:150:3)
    at Socket._writeGeneric (node:net:966:11)
    at Socket._write (node:net:978:8)
    at writeOrBuffer (node:internal/streams/writable:570:12)
    at _write (node:internal/streams/writable:499:10)
    at Writable.write (node:internal/streams/writable:508:10)
    at Console.log (/home/codespace/.npm/_npx/7750544ccf494d8b/node_modules/winston/lib/winston/transports/console.js:87:23)
    at Console._write (/home/codespace/.npm/_npx/7750544ccf494d8b/node_modules/winston-transport/modern.js:103:17)
    at doWrite (/home/codespace/.npm/_npx/7750544ccf494d8b/node_modules/winston-transport/node_modules/readable-stream/lib/_stream_writable.js:390:139)
[error] 
[error] Error: An unexpected error has occurred.
[debug] [2026-08-28T03:37:18.532Z] Error: write EIO
    at afterWriteDispatched (node:internal/stream_base_commons:159:15)
    at writeGeneric (node:internal/stream_base_commons:150:3)
    at Socket._writeGeneric (node:net:966:11)
    at Socket._write (node:net:978:8)
    at writeOrBuffer (node:internal/streams/writable:570:12)
    at _write (node:internal/streams/writable:499:10)
    at Writable.write (node:internal/streams/writable:508:10)
    at Console.log (/home/codespace/.npm/_npx/7750544ccf494d8b/node_modules/winston/lib/winston/transports/console.js:87:23)
    at Console._write (/home/codespace/.npm/_npx/7750544ccf494d8b/node_modules/winston-transport/modern.js:103:17)
    at doWrite (/home/codespace/.npm/_npx/7750544ccf494d8b/node_modules/winston-transport/node_modules/readable-stream/lib/_stream_writable.js:390:139)
[error] 
[error] Error: An unexpected error has occurred.
[debug] [2026-08-28T03:37:18.533Z] Error: write EIO
    at afterWriteDispatched (node:internal/stream_base_commons:159:15)
    at writeGeneric (node:internal/stream_base_commons:150:3)
    at Socket._writeGeneric (node:net:966:11)
    at Socket._write (node:net:978:8)
    at writeOrBuffer (node:internal/streams/writable:570:12)
    at _write (node:internal/streams/writable:499:10)
    at Writable.write (node:internal/streams/writable:508:10)
    at Console.log (/home/codespace/.npm/_npx/7750544ccf494d8b/node_modules/winston/lib/winston/transports/console.js:87:23)
    at Console._write (/home/codespace/.npm/_npx/7750544ccf494d8b/node_modules/winston-transport/modern.js:103:17)
    at doWrite (/home/codespace/.npm/_npx/7750544ccf494d8b/node_modules/winston-transport/node_modules/readable-stream/lib/_stream_writable.js:390:139)
[error] 
[error] Error: An unexpected error has occurred.
[debug] [2026-08-28T03:37:18.533Z] Error: write EIO
    at afterWriteDispatched (node:internal/stream_base_commons:159:15)
    at writeGeneric (node:internal/stream_base_commons:150:3)
    at Socket._writeGeneric (node:net:966:11)
    at Socket._write (node:net:978:8)
    at writeOrBuffer (node:internal/streams/writable:570:12)
    at _write (node:internal/streams/writable:499:10)
    at Writable.write (node:internal/streams/writable:508:10)
    at Console.log (/home/codespace/.npm/_npx/7750544ccf494d8b/node_modules/winston/lib/winston/transports/console.js:87:23)
    at Console._write (/home/codespace/.npm/_npx/7750544ccf494d8b/node_modules/winston-transport/modern.js:103:17)
    at doWrite (/home/codespace/.npm/_npx/7750544ccf494d8b/node_modules/winston-transport/node_modules/readable-stream/lib/_stream_writable.js:390:139)
[error] 
[error] Error: An unexpected error has occurred.
[debug] [2026-08-28T03:37:18.533Z] Error: write EIO
    at afterWriteDispatched (node:internal/stream_base_commons:159:15)
    at writeGeneric (node:internal/stream_base_commons:150:3)
    at Socket._writeGeneric (node:net:966:11)
    at Socket._write (node:net:978:8)
    at writeOrBuffer (node:internal/streams/writable:570:12)
    at _write (node:internal/streams/writable:499:10)
    at Writable.write (node:internal/streams/writable:508:10)
    at Console.log (/home/codespace/.npm/_npx/7750544ccf494d8b/node_modules/winston/lib/winston/transports/console.js:87:23)
    at Console._write (/home/codespace/.npm/_npx/7750544ccf494d8b/node_modules/winston-transport/modern.js:103:17)
    at doWrite (/home/codespace/.npm/_npx/7750544ccf494d8b/node_modules/winston-transport/node_modules/readable-stream/lib/_stream_writable.js:390:139)
[error] 
[error] Error: An unexpected error has occurred.
[debug] [2026-08-28T03:37:18.533Z] Error: write EIO
    at afterWriteDispatched (node:internal/stream_base_commons:159:15)
    at writeGeneric (node:internal/stream_base_commons:150:3)
    at Socket._writeGeneric (node:net:966:11)
    at Socket._write (node:net:978:8)
    at writeOrBuffer (node:internal/streams/writable:570:12)
    at _write (node:internal/streams/writable:499:10)
    at Writable.write (node:internal/streams/writable:508:10)
    at Console.log (/home/codespace/.npm/_npx/7750544ccf494d8b/node_modules/winston/lib/winston/transports/console.js:87:23)
    at Console._write (/home/codespace/.npm/_npx/7750544ccf494d8b/node_modules/winston-transport/modern.js:103:17)
    at doWrite (/home/codespace/.npm/_npx/7750544ccf494d8b/node_modules/winston-transport/node_modules/readable-stream/lib/_stream_writable.js:390:139)
[error] 
[error] Error: An unexpected error has occurred.
[debug] [2026-08-28T03:37:18.533Z] Error: write EIO
    at afterWriteDispatched (node:internal/stream_base_commons:159:15)
    at writeGeneric (node:internal/stream_base_commons:150:3)
    at Socket._writeGeneric (node:net:966:11)
    at Socket._write (node:net:978:8)
    at writeOrBuffer (node:internal/streams/writable:570:12)
    at _write (node:internal/streams/writable:499:10)
    at Writable.write (node:internal/streams/writable:508:10)
    at Console.log (/home/codespace/.npm/_npx/7750544ccf494d8b/node_modules/winston/lib/winston/transports/console.js:87:23)
    at Console._write (/home/codespace/.npm/_npx/7750544ccf494d8b/node_modules/winston-transport/modern.js:103:17)
    at doWrite (/home/codespace/.npm/_npx/7750544ccf494d8b/node_modules/winston-transport/node_modules/readable-stream/lib/_stream_writable.js:390:139)
[error] 
[error] Error: An unexpected error has occurred.
[debug] [2026-08-28T03:37:18.534Z] Error: write EIO
    at afterWriteDispatched (node:internal/stream_base_commons:159:15)
    at writeGeneric (node:internal/stream_base_commons:150:3)
    at Socket._writeGeneric (node:net:966:11)
    at Socket._write (node:net:978:8)
    at writeOrBuffer (node:internal/streams/writable:570:12)
    at _write (node:internal/streams/writable:499:10)
    at Writable.write (node:internal/streams/writable:508:10)
    at Console.log (/home/codespace/.npm/_npx/7750544ccf494d8b/node_modules/winston/lib/winston/transports/console.js:87:23)
    at Console._write (/home/codespace/.npm/_npx/7750544ccf494d8b/node_modules/winston-transport/modern.js:103:17)
    at doWrite (/home/codespace/.npm/_npx/7750544ccf494d8b/node_modules/winston-transport/node_modules/readable-stream/lib/_stream_writable.js:390:139)
[error] 
[error] Error: An unexpected error has occurred.
[debug] [2026-08-28T03:37:18.534Z] Error: write EIO
    at afterWriteDispatched (node:internal/stream_base_commons:159:15)
    at writeGeneric (node:internal/stream_base_commons:150:3)
    at Socket._writeGeneric (node:net:966:11)
    at Socket._write (node:net:978:8)
    at writeOrBuffer (node:internal/streams/writable:570:12)
    at _write (node:internal/streams/writable:499:10)
    at Writable.write (node:internal/streams/writable:508:10)
    at Console.log (/home/codespace/.npm/_npx/7750544ccf494d8b/node_modules/winston/lib/winston/transports/console.js:87:23)
    at Console._write (/home/codespace/.npm/_npx/7750544ccf494d8b/node_modules/winston-transport/modern.js:103:17)
    at doWrite (/home/codespace/.npm/_npx/7750544ccf494d8b/node_modules/winston-transport/node_modules/readable-stream/lib/_stream_writable.js:390:139)
[error] 
[error] Error: An unexpected error has occurred.
[debug] [2026-08-28T03:37:18.534Z] Error: write EIO
    at afterWriteDispatched (node:internal/stream_base_commons:159:15)
    at writeGeneric (node:internal/stream_base_commons:150:3)
    at Socket._writeGeneric (node:net:966:11)
    at Socket._write (node:net:978:8)
    at writeOrBuffer (node:internal/streams/writable:570:12)
    at _write (node:internal/streams/writable:499:10)
    at Writable.write (node:internal/streams/writable:508:10)
    at Console.log (/home/codespace/.npm/_npx/7750544ccf494d8b/node_modules/winston/lib/winston/transports/console.js:87:23)
    at Console._write (/home/codespace/.npm/_npx/7750544ccf494d8b/node_modules/winston-transport/modern.js:103:17)
    at doWrite (/home/codespace/.npm/_npx/7750544ccf494d8b/node_modules/winston-transport/node_modules/readable-stream/lib/_stream_writable.js:390:139)
[error] 
[error] Error: An unexpected error has occurred.
[debug] [2026-08-28T03:37:18.534Z] Error: write EIO
    at afterWriteDispatched (node:internal/stream_base_commons:159:15)
    at writeGeneric (node:internal/stream_base_commons:150:3)
    at Socket._writeGeneric (node:net:966:11)
    at Socket._write (node:net:978:8)
    at writeOrBuffer (node:internal/streams/writable:570:12)
    at _write (node:internal/streams/writable:499:10)
    at Writable.write (node:internal/streams/writable:508:10)
    at Console.log (/home/codespace/.npm/_npx/7750544ccf494d8b/node_modules/winston/lib/winston/transports/console.js:87:23)
    at Console._write (/home/codespace/.npm/_npx/7750544ccf494d8b/node_modules/winston-transport/modern.js:103:17)
    at doWrite (/home/codespace/.npm/_npx/7750544ccf494d8b/node_modules/winston-transport/node_modules/readable-stream/lib/_stream_writable.js:390:139)
[error] 
[error] Error: An unexpected error has occurred.
[debug] [2026-08-28T03:37:18.536Z] Error: write EIO
    at afterWriteDispatched (node:internal/stream_base_commons:159:15)
    at writeGeneric (node:internal/stream_base_commons:150:3)
    at Socket._writeGeneric (node:net:966:11)
    at Socket._write (node:net:978:8)
    at writeOrBuffer (node:internal/streams/writable:570:12)
    at _write (node:internal/streams/writable:499:10)
    at Writable.write (node:internal/streams/writable:508:10)
    at Console.log (/home/codespace/.npm/_npx/7750544ccf494d8b/node_modules/winston/lib/winston/transports/console.js:87:23)
    at Console._write (/home/codespace/.npm/_npx/7750544ccf494d8b/node_modules/winston-transport/modern.js:103:17)
    at doWrite (/home/codespace/.npm/_npx/7750544ccf494d8b/node_modules/winston-transport/node_modules/readable-stream/lib/_stream_writable.js:390:139)
[error] 
[error] Error: An unexpected error has occurred.
[debug] [2026-08-28T03:37:18.536Z] Error: write EIO
    at afterWriteDispatched (node:internal/stream_base_commons:159:15)
    at writeGeneric (node:internal/stream_base_commons:150:3)
    at Socket._writeGeneric (node:net:966:11)
    at Socket._write (node:net:978:8)
    at writeOrBuffer (node:internal/streams/writable:570:12)
    at _write (node:internal/streams/writable:499:10)
    at Writable.write (node:internal/streams/writable:508:10)
    at Console.log (/home/codespace/.npm/_npx/7750544ccf494d8b/node_modules/winston/lib/winston/transports/console.js:87:23)
    at Console._write (/home/codespace/.npm/_npx/7750544ccf494d8b/node_modules/winston-transport/modern.js:103:17)
    at doWrite (/home/codespace/.npm/_npx/7750544ccf494d8b/node_modules/winston-transport/node_modules/readable-stream/lib/_stream_writable.js:390:139)
[error] 
[error] Error: An unexpected error has occurred.
[debug] [2026-08-28T03:37:18.537Z] Error: write EIO
    at afterWriteDispatched (node:internal/stream_base_commons:159:15)
    at writeGeneric (node:internal/stream_base_commons:150:3)
    at Socket._writeGeneric (node:net:966:11)
    at Socket._write (node:net:978:8)
    at writeOrBuffer (node:internal/streams/writable:570:12)
    at _write (node:internal/streams/writable:499:10)
    at Writable.write (node:internal/streams/writable:508:10)
    at Console.log (/home/codespace/.npm/_npx/7750544ccf494d8b/node_modules/winston/lib/winston/transports/console.js:87:23)
    at Console._write (/home/codespace/.npm/_npx/7750544ccf494d8b/node_modules/winston-transport/modern.js:103:17)
    at doWrite (/home/codespace/.npm/_npx/7750544ccf494d8b/node_modules/winston-transport/node_modules/readable-stream/lib/_stream_writable.js:390:139)
[error] 
[error] Error: An unexpected error has occurred.
[debug] [2026-08-28T03:37:18.537Z] Error: write EIO
    at afterWriteDispatched (node:internal/stream_base_commons:159:15)
    at writeGeneric (node:internal/stream_base_commons:150:3)
    at Socket._writeGeneric (node:net:966:11)
    at Socket._write (node:net:978:8)
    at writeOrBuffer (node:internal/streams/writable:570:12)
    at _write (node:internal/streams/writable:499:10)
    at Writable.write (node:internal/streams/writable:508:10)
    at Console.log (/home/codespace/.npm/_npx/7750544ccf494d8b/node_modules/winston/lib/winston/transports/console.js:87:23)
    at Console._write (/home/codespace/.npm/_npx/7750544ccf494d8b/node_modules/winston-transport/modern.js:103:17)
    at doWrite (/home/codespace/.npm/_npx/7750544ccf494d8b/node_modules/winston-transport/node_modules/readable-stream/lib/_stream_writable.js:390:139)
[error] 
[error] Error: An unexpected error has occurred.
[debug] [2026-08-28T03:37:18.537Z] Error: write EIO
    at afterWriteDispatched (node:internal/stream_base_commons:159:15)
    at writeGeneric (node:internal/stream_base_commons:150:3)
    at Socket._writeGeneric (node:net:966:11)
    at Socket._write (node:net:978:8)
    at writeOrBuffer (node:internal/streams/writable:570:12)
    at _write (node:internal/streams/writable:499:10)
    at Writable.write (node:internal/streams/writable:508:10)
    at Console.log (/home/codespace/.npm/_npx/7750544ccf494d8b/node_modules/winston/lib/winston/transports/console.js:87:23)
    at Console._write (/home/codespace/.npm/_npx/7750544ccf494d8b/node_modules/winston-transport/modern.js:103:17)
    at doWrite (/home/codespace/.npm/_npx/7750544ccf494d8b/node_modules/winston-transport/node_modules/readable-stream/lib/_stream_writable.js:390:139)
[error] 
[error] Error: An unexpected error has occurred.
[debug] [2026-08-28T03:37:18.537Z] Error: write EIO
    at afterWriteDispatched (node:internal/stream_base_commons:159:15)
    at writeGeneric (node:internal/stream_base_commons:150:3)
    at Socket._writeGeneric (node:net:966:11)
    at Socket._write (node:net:978:8)
    at writeOrBuffer (node:internal/streams/writable:570:12)
    at _write (node:internal/streams/writable:499:10)
    at Writable.write (node:internal/streams/writable:508:10)
    at Console.log (/home/codespace/.npm/_npx/7750544ccf494d8b/node_modules/winston/lib/winston/transports/console.js:87:23)
    at Console._write (/home/codespace/.npm/_npx/7750544ccf494d8b/node_modules/winston-transport/modern.js:103:17)
    at doWrite (/home/codespace/.npm/_npx/7750544ccf494d8b/node_modules/winston-transport/node_modules/readable-stream/lib/_stream_writable.js:390:139)
[error] 
[error] Error: An unexpected error has occurred.
[debug] [2026-08-28T03:37:18.538Z] Error: write EIO
    at afterWriteDispatched (node:internal/stream_base_commons:159:15)
    at writeGeneric (node:internal/stream_base_commons:150:3)
    at Socket._writeGeneric (node:net:966:11)
    at Socket._write (node:net:978:8)
    at writeOrBuffer (node:internal/streams/writable:570:12)
    at _write (node:internal/streams/writable:499:10)
    at Writable.write (node:internal/streams/writable:508:10)
    at Console.log (/home/codespace/.npm/_npx/7750544ccf494d8b/node_modules/winston/lib/winston/transports/console.js:87:23)
    at Console._write (/home/codespace/.npm/_npx/7750544ccf494d8b/node_modules/winston-transport/modern.js:103:17)
    at doWrite (/home/codespace/.npm/_npx/7750544ccf494d8b/node_modules/winston-transport/node_modules/readable-stream/lib/_stream_writable.js:390:139)
[error] 
[error] Error: An unexpected error has occurred.
[debug] [2026-08-28T03:37:18.538Z] Error: write EIO
    at afterWriteDispatched (node:internal/stream_base_commons:159:15)
    at writeGeneric (node:internal/stream_base_commons:150:3)
    at Socket._writeGeneric (node:net:966:11)
    at Socket._write (node:net:978:8)
    at writeOrBuffer (node:internal/streams/writable:570:12)
    at _write (node:internal/streams/writable:499:10)
    at Writable.write (node:internal/streams/writable:508:10)
    at Console.log (/home/codespace/.npm/_npx/7750544ccf494d8b/node_modules/winston/lib/winston/transports/console.js:87:23)
    at Console._write (/home/codespace/.npm/_npx/7750544ccf494d8b/node_modules/winston-transport/modern.js:103:17)
    at doWrite (/home/codespace/.npm/_npx/7750544ccf494d8b/node_modules/winston-transport/node_modules/readable-stream/lib/_stream_writable.js:390:139)
[error] 
[error] Error: An unexpected error has occurred.
[debug] [2026-08-28T03:37:18.539Z] Error: write EIO
    at afterWriteDispatched (node:internal/stream_base_commons:159:15)
    at writeGeneric (node:internal/stream_base_commons:150:3)
    at Socket._writeGeneric (node:net:966:11)
    at Socket._write (node:net:978:8)
    at writeOrBuffer (node:internal/streams/writable:570:12)
    at _write (node:internal/streams/writable:499:10)
    at Writable.write (node:internal/streams/writable:508:10)
    at Console.log (/home/codespace/.npm/_npx/7750544ccf494d8b/node_modules/winston/lib/winston/transports/console.js:87:23)
    at Console._write (/home/codespace/.npm/_npx/7750544ccf494d8b/node_modules/winston-transport/modern.js:103:17)
    at doWrite (/home/codespace/.npm/_npx/7750544ccf494d8b/node_modules/winston-transport/node_modules/readable-stream/lib/_stream_writable.js:390:139)
[error] 
[error] Error: An unexpected error has occurred.
[debug] [2026-08-28T03:37:18.539Z] Error: write EIO
    at afterWriteDispatched (node:internal/stream_base_commons:159:15)
    at writeGeneric (node:internal/stream_base_commons:150:3)
    at Socket._writeGeneric (node:net:966:11)
    at Socket._write (node:net:978:8)
    at writeOrBuffer (node:internal/streams/writable:570:12)
    at _write (node:internal/streams/writable:499:10)
    at Writable.write (node:internal/streams/writable:508:10)
    at Console.log (/home/codespace/.npm/_npx/7750544ccf494d8b/node_modules/winston/lib/winston/transports/console.js:87:23)
    at Console._write (/home/codespace/.npm/_npx/7750544ccf494d8b/node_modules/winston-transport/modern.js:103:17)
    at doWrite (/home/codespace/.npm/_npx/7750544ccf494d8b/node_modules/winston-transport/node_modules/readable-stream/lib/_stream_writable.js:390:139)
[error] 
[error] Error: An unexpected error has occurred.
[debug] [2026-08-28T03:37:18.539Z] Error: write EIO
    at afterWriteDispatched (node:internal/stream_base_commons:159:15)
    at writeGeneric (node:internal/stream_base_commons:150:3)
    at Socket._writeGeneric (node:net:966:11)
    at Socket._write (node:net:978:8)
    at writeOrBuffer (node:internal/streams/writable:570:12)
    at _write (node:internal/streams/writable:499:10)
    at Writable.write (node:internal/streams/writable:508:10)
    at Console.log (/home/codespace/.npm/_npx/7750544ccf494d8b/node_modules/winston/lib/winston/transports/console.js:87:23)
    at Console._write (/home/codespace/.npm/_npx/7750544ccf494d8b/node_modules/winston-transport/modern.js:103:17)
    at doWrite (/home/codespace/.npm/_npx/7750544ccf494d8b/node_modules/winston-transport/node_modules/readable-stream/lib/_stream_writable.js:390:139)
[error] 
[error] Error: An unexpected error has occurred.
[debug] [2026-08-28T03:37:18.543Z] Error: write EIO
    at afterWriteDispatched (node:internal/stream_base_commons:159:15)
    at writeGeneric (node:internal/stream_base_commons:150:3)
    at Socket._writeGeneric (node:net:966:11)
    at Socket._write (node:net:978:8)
    at writeOrBuffer (node:internal/streams/writable:570:12)
    at _write (node:internal/streams/writable:499:10)
    at Writable.write (node:internal/streams/writable:508:10)
    at Console.log (/home/codespace/.npm/_npx/7750544ccf494d8b/node_modules/winston/lib/winston/transports/console.js:87:23)
    at Console._write (/home/codespace/.npm/_npx/7750544ccf494d8b/node_modules/winston-transport/modern.js:103:17)
    at doWrite (/home/codespace/.npm/_npx/7750544ccf494d8b/node_modules/winston-transport/node_modules/readable-stream/lib/_stream_writable.js:390:139)
[error] 
[error] Error: An unexpected error has occurred.
[debug] [2026-08-28T03:37:18.543Z] Error: write EIO
    at afterWriteDispatched (node:internal/stream_base_commons:159:15)
    at writeGeneric (node:internal/stream_base_commons:150:3)
    at Socket._writeGeneric (node:net:966:11)
    at Socket._write (node:net:978:8)
    at writeOrBuffer (node:internal/streams/writable:570:12)
    at _write (node:internal/streams/writable:499:10)
    at Writable.write (node:internal/streams/writable:508:10)
    at Console.log (/home/codespace/.npm/_npx/7750544ccf494d8b/node_modules/winston/lib/winston/transports/console.js:87:23)
    at Console._write (/home/codespace/.npm/_npx/7750544ccf494d8b/node_modules/winston-transport/modern.js:103:17)
    at doWrite (/home/codespace/.npm/_npx/7750544ccf494d8b/node_modules/winston-transport/node_modules/readable-stream/lib/_stream_writable.js:390:139)
[error] 
[error] Error: An unexpected error has occurred.
[debug] [2026-08-28T03:37:18.543Z] Error: write EIO
    at afterWriteDispatched (node:internal/stream_base_commons:159:15)
    at writeGeneric (node:internal/stream_base_commons:150:3)
    at Socket._writeGeneric (node:net:966:11)
    at Socket._write (node:net:978:8)
    at writeOrBuffer (node:internal/streams/writable:570:12)
    at _write (node:internal/streams/writable:499:10)
    at Writable.write (node:internal/streams/writable:508:10)
    at Console.log (/home/codespace/.npm/_npx/7750544ccf494d8b/node_modules/winston/lib/winston/transports/console.js:87:23)
    at Console._write (/home/codespace/.npm/_npx/7750544ccf494d8b/node_modules/winston-transport/modern.js:103:17)
    at doWrite (/home/codespace/.npm/_npx/7750544ccf494d8b/node_modules/winston-transport/node_modules/readable-stream/lib/_stream_writable.js:390:139)
[error] 
[error] Error: An unexpected error has occurred.
[debug] [2026-08-28T03:37:18.543Z] Error: write EIO
    at afterWriteDispatched (node:internal/stream_base_commons:159:15)
    at writeGeneric (node:internal/stream_base_commons:150:3)
    at Socket._writeGeneric (node:net:966:11)
    at Socket._write (node:net:978:8)
    at writeOrBuffer (node:internal/streams/writable:570:12)
    at _write (node:internal/streams/writable:499:10)
    at Writable.write (node:internal/streams/writable:508:10)
    at Console.log (/home/codespace/.npm/_npx/7750544ccf494d8b/node_modules/winston/lib/winston/transports/console.js:87:23)
    at Console._write (/home/codespace/.npm/_npx/7750544ccf494d8b/node_modules/winston-transport/modern.js:103:17)
    at doWrite (/home/codespace/.npm/_npx/7750544ccf494d8b/node_modules/winston-transport/node_modules/readable-stream/lib/_stream_writable.js:390:139)
[error] 
[error] Error: An unexpected error has occurred.
[debug] [2026-08-28T03:37:18.544Z] Error: write EIO
    at afterWriteDispatched (node:internal/stream_base_commons:159:15)
    at writeGeneric (node:internal/stream_base_commons:150:3)
    at Socket._writeGeneric (node:net:966:11)
    at Socket._write (node:net:978:8)
    at writeOrBuffer (node:internal/streams/writable:570:12)
    at _write (node:internal/streams/writable:499:10)
    at Writable.write (node:internal/streams/writable:508:10)
    at Console.log (/home/codespace/.npm/_npx/7750544ccf494d8b/node_modules/winston/lib/winston/transports/console.js:87:23)
    at Console._write (/home/codespace/.npm/_npx/7750544ccf494d8b/node_modules/winston-transport/modern.js:103:17)
    at doWrite (/home/codespace/.npm/_npx/7750544ccf494d8b/node_modules/winston-transport/node_modules/readable-stream/lib/_stream_writable.js:390:139)
[error] 
[error] Error: An unexpected error has occurred.
[debug] [2026-08-28T03:37:18.544Z] Error: write EIO
    at afterWriteDispatched (node:internal/stream_base_commons:159:15)
    at writeGeneric (node:internal/stream_base_commons:150:3)
    at Socket._writeGeneric (node:net:966:11)
    at Socket._write (node:net:978:8)
    at writeOrBuffer (node:internal/streams/writable:570:12)
    at _write (node:internal/streams/writable:499:10)
    at Writable.write (node:internal/streams/writable:508:10)
    at Console.log (/home/codespace/.npm/_npx/7750544ccf494d8b/node_modules/winston/lib/winston/transports/console.js:87:23)
    at Console._write (/home/codespace/.npm/_npx/7750544ccf494d8b/node_modules/winston-transport/modern.js:103:17)
    at doWrite (/home/codespace/.npm/_npx/7750544ccf494d8b/node_modules/winston-transport/node_modules/readable-stream/lib/_stream_writable.js:390:139)
[error] 
[error] Error: An unexpected error has occurred.
[debug] [2026-08-28T03:37:18.546Z] Error: write EIO
    at afterWriteDispatched (node:internal/stream_base_commons:159:15)
    at writeGeneric (node:internal/stream_base_commons:150:3)
    at Socket._writeGeneric (node:net:966:11)
    at Socket._write (node:net:978:8)
    at writeOrBuffer (node:internal/streams/writable:570:12)
    at _write (node:internal/streams/writable:499:10)
    at Writable.write (node:internal/streams/writable:508:10)
    at Console.log (/home/codespace/.npm/_npx/7750544ccf494d8b/node_modules/winston/lib/winston/transports/console.js:87:23)
    at Console._write (/home/codespace/.npm/_npx/7750544ccf494d8b/node_modules/winston-transport/modern.js:103:17)
    at doWrite (/home/codespace/.npm/_npx/7750544ccf494d8b/node_modules/winston-transport/node_modules/readable-stream/lib/_stream_writable.js:390:139)
[error] 
[error] Error: An unexpected error has occurred.
[debug] [2026-08-28T03:37:18.546Z] Error: write EIO
    at afterWriteDispatched (node:internal/stream_base_commons:159:15)
    at writeGeneric (node:internal/stream_base_commons:150:3)
    at Socket._writeGeneric (node:net:966:11)
    at Socket._write (node:net:978:8)
    at writeOrBuffer (node:internal/streams/writable:570:12)
    at _write (node:internal/streams/writable:499:10)
    at Writable.write (node:internal/streams/writable:508:10)
    at Console.log (/home/codespace/.npm/_npx/7750544ccf494d8b/node_modules/winston/lib/winston/transports/console.js:87:23)
    at Console._write (/home/codespace/.npm/_npx/7750544ccf494d8b/node_modules/winston-transport/modern.js:103:17)
    at doWrite (/home/codespace/.npm/_npx/7750544ccf494d8b/node_modules/winston-transport/node_modules/readable-stream/lib/_stream_writable.js:390:139)
[error] 
[error] Error: An unexpected error has occurred.
[debug] [2026-08-28T03:37:18.547Z] Error: write EIO
    at afterWriteDispatched (node:internal/stream_base_commons:159:15)
    at writeGeneric (node:internal/stream_base_commons:150:3)
    at Socket._writeGeneric (node:net:966:11)
    at Socket._write (node:net:978:8)
    at writeOrBuffer (node:internal/streams/writable:570:12)
    at _write (node:internal/streams/writable:499:10)
    at Writable.write (node:internal/streams/writable:508:10)
    at Console.log (/home/codespace/.npm/_npx/7750544ccf494d8b/node_modules/winston/lib/winston/transports/console.js:87:23)
    at Console._write (/home/codespace/.npm/_npx/7750544ccf494d8b/node_modules/winston-transport/modern.js:103:17)
    at doWrite (/home/codespace/.npm/_npx/7750544ccf494d8b/node_modules/winston-transport/node_modules/readable-stream/lib/_stream_writable.js:390:139)
[error] 
[error] Error: An unexpected error has occurred.
[debug] [2026-08-28T03:37:18.547Z] Error: write EIO
    at afterWriteDispatched (node:internal/stream_base_commons:159:15)
    at writeGeneric (node:internal/stream_base_commons:150:3)
    at Socket._writeGeneric (node:net:966:11)
    at Socket._write (node:net:978:8)
    at writeOrBuffer (node:internal/streams/writable:570:12)
    at _write (node:internal/streams/writable:499:10)
    at Writable.write (node:internal/streams/writable:508:10)
    at Console.log (/home/codespace/.npm/_npx/7750544ccf494d8b/node_modules/winston/lib/winston/transports/console.js:87:23)
    at Console._write (/home/codespace/.npm/_npx/7750544ccf494d8b/node_modules/winston-transport/modern.js:103:17)
    at doWrite (/home/codespace/.npm/_npx/7750544ccf494d8b/node_modules/winston-transport/node_modules/readable-stream/lib/_stream_writable.js:390:139)
[error] 
[error] Error: An unexpected error has occurred.
[debug] [2026-08-28T03:37:18.547Z] Error: write EIO
    at afterWriteDispatched (node:internal/stream_base_commons:159:15)
    at writeGeneric (node:internal/stream_base_commons:150:3)
    at Socket._writeGeneric (node:net:966:11)
    at Socket._write (node:net:978:8)
    at writeOrBuffer (node:internal/streams/writable:570:12)
    at _write (node:internal/streams/writable:499:10)
    at Writable.write (node:internal/streams/writable:508:10)
    at Console.log (/home/codespace/.npm/_npx/7750544ccf494d8b/node_modules/winston/lib/winston/transports/console.js:87:23)
    at Console._write (/home/codespace/.npm/_npx/7750544ccf494d8b/node_modules/winston-transport/modern.js:103:17)
    at doWrite (/home/codespace/.npm/_npx/7750544ccf494d8b/node_modules/winston-transport/node_modules/readable-stream/lib/_stream_writable.js:390:139)
[error] 
[error] Error: An unexpected error has occurred.
[debug] [2026-08-28T03:37:18.550Z] Error: write EIO
    at afterWriteDispatched (node:internal/stream_base_commons:159:15)
    at writeGeneric (node:internal/stream_base_commons:150:3)
    at Socket._writeGeneric (node:net:966:11)
    at Socket._write (node:net:978:8)
    at writeOrBuffer (node:internal/streams/writable:570:12)
    at _write (node:internal/streams/writable:499:10)
    at Writable.write (node:internal/streams/writable:508:10)
    at Console.log (/home/codespace/.npm/_npx/7750544ccf494d8b/node_modules/winston/lib/winston/transports/console.js:87:23)
    at Console._write (/home/codespace/.npm/_npx/7750544ccf494d8b/node_modules/winston-transport/modern.js:103:17)
    at doWrite (/home/codespace/.npm/_npx/7750544ccf494d8b/node_modules/winston-transport/node_modules/readable-stream/lib/_stream_writable.js:390:139)
[error] 
[error] Error: An unexpected error has occurred.
[debug] [2026-08-28T03:37:18.550Z] Error: write EIO
    at afterWriteDispatched (node:internal/stream_base_commons:159:15)
    at writeGeneric (node:internal/stream_base_commons:150:3)
    at Socket._writeGeneric (node:net:966:11)
    at Socket._write (node:net:978:8)
    at writeOrBuffer (node:internal/streams/writable:570:12)
    at _write (node:internal/streams/writable:499:10)
    at Writable.write (node:internal/streams/writable:508:10)
    at Console.log (/home/codespace/.npm/_npx/7750544ccf494d8b/node_modules/winston/lib/winston/transports/console.js:87:23)
    at Console._write (/home/codespace/.npm/_npx/7750544ccf494d8b/node_modules/winston-transport/modern.js:103:17)
    at doWrite (/home/codespace/.npm/_npx/7750544ccf494d8b/node_modules/winston-transport/node_modules/readable-stream/lib/_stream_writable.js:390:139)
[error] 
[error] Error: An unexpected error has occurred.
[debug] [2026-08-28T03:37:18.550Z] Error: write EIO
    at afterWriteDispatched (node:internal/stream_base_commons:159:15)
    at writeGeneric (node:internal/stream_base_commons:150:3)
    at Socket._writeGeneric (node:net:966:11)
    at Socket._write (node:net:978:8)
    at writeOrBuffer (node:internal/streams/writable:570:12)
    at _write (node:internal/streams/writable:499:10)
    at Writable.write (node:internal/streams/writable:508:10)
    at Console.log (/home/codespace/.npm/_npx/7750544ccf494d8b/node_modules/winston/lib/winston/transports/console.js:87:23)
    at Console._write (/home/codespace/.npm/_npx/7750544ccf494d8b/node_modules/winston-transport/modern.js:103:17)
    at doWrite (/home/codespace/.npm/_npx/7750544ccf494d8b/node_modules/winston-transport/node_modules/readable-stream/lib/_stream_writable.js:390:139)
[error] 
[error] Error: An unexpected error has occurred.
[debug] [2026-08-28T03:37:18.551Z] Error: write EIO
    at afterWriteDispatched (node:internal/stream_base_commons:159:15)
    at writeGeneric (node:internal/stream_base_commons:150:3)
    at Socket._writeGeneric (node:net:966:11)
    at Socket._write (node:net:978:8)
    at writeOrBuffer (node:internal/streams/writable:570:12)
    at _write (node:internal/streams/writable:499:10)
    at Writable.write (node:internal/streams/writable:508:10)
    at Console.log (/home/codespace/.npm/_npx/7750544ccf494d8b/node_modules/winston/lib/winston/transports/console.js:87:23)
    at Console._write (/home/codespace/.npm/_npx/7750544ccf494d8b/node_modules/winston-transport/modern.js:103:17)
    at doWrite (/home/codespace/.npm/_npx/7750544ccf494d8b/node_modules/winston-transport/node_modules/readable-stream/lib/_stream_writable.js:390:139)
[error] 
[error] Error: An unexpected error has occurred.
[debug] [2026-08-28T03:37:18.551Z] Error: write EIO
    at afterWriteDispatched (node:internal/stream_base_commons:159:15)
    at writeGeneric (node:internal/stream_base_commons:150:3)
    at Socket._writeGeneric (node:net:966:11)
    at Socket._write (node:net:978:8)
    at writeOrBuffer (node:internal/streams/writable:570:12)
    at _write (node:internal/streams/writable:499:10)
    at Writable.write (node:internal/streams/writable:508:10)
    at Console.log (/home/codespace/.npm/_npx/7750544ccf494d8b/node_modules/winston/lib/winston/transports/console.js:87:23)
    at Console._write (/home/codespace/.npm/_npx/7750544ccf494d8b/node_modules/winston-transport/modern.js:103:17)
    at doWrite (/home/codespace/.npm/_npx/7750544ccf494d8b/node_modules/winston-transport/node_modules/readable-stream/lib/_stream_writable.js:390:139)
[error] 
[error] Error: An unexpected error has occurred.
[debug] [2026-08-28T03:37:18.551Z] Error: write EIO
    at afterWriteDispatched (node:internal/stream_base_commons:159:15)
    at writeGeneric (node:internal/stream_base_commons:150:3)
    at Socket._writeGeneric (node:net:966:11)
    at Socket._write (node:net:978:8)
    at writeOrBuffer (node:internal/streams/writable:570:12)
    at _write (node:internal/streams/writable:499:10)
    at Writable.write (node:internal/streams/writable:508:10)
    at Console.log (/home/codespace/.npm/_npx/7750544ccf494d8b/node_modules/winston/lib/winston/transports/console.js:87:23)
    at Console._write (/home/codespace/.npm/_npx/7750544ccf494d8b/node_modules/winston-transport/modern.js:103:17)
    at doWrite (/home/codespace/.npm/_npx/7750544ccf494d8b/node_modules/winston-transport/node_modules/readable-stream/lib/_stream_writable.js:390:139)
[error] 
[error] Error: An unexpected error has occurred.
[debug] [2026-08-28T03:37:18.551Z] Error: write EIO
    at afterWriteDispatched (node:internal/stream_base_commons:159:15)
    at writeGeneric (node:internal/stream_base_commons:150:3)
    at Socket._writeGeneric (node:net:966:11)
    at Socket._write (node:net:978:8)
    at writeOrBuffer (node:internal/streams/writable:570:12)
    at _write (node:internal/streams/writable:499:10)
    at Writable.write (node:internal/streams/writable:508:10)
    at Console.log (/home/codespace/.npm/_npx/7750544ccf494d8b/node_modules/winston/lib/winston/transports/console.js:87:23)
    at Console._write (/home/codespace/.npm/_npx/7750544ccf494d8b/node_modules/winston-transport/modern.js:103:17)
    at doWrite (/home/codespace/.npm/_npx/7750544ccf494d8b/node_modules/winston-transport/node_modules/readable-stream/lib/_stream_writable.js:390:139)
[error] 
[error] Error: An unexpected error has occurred.
[debug] [2026-08-28T03:37:18.552Z] Error: write EIO
    at afterWriteDispatched (node:internal/stream_base_commons:159:15)
    at writeGeneric (node:internal/stream_base_commons:150:3)
    at Socket._writeGeneric (node:net:966:11)
    at Socket._write (node:net:978:8)
    at writeOrBuffer (node:internal/streams/writable:570:12)
    at _write (node:internal/streams/writable:499:10)
    at Writable.write (node:internal/streams/writable:508:10)
    at Console.log (/home/codespace/.npm/_npx/7750544ccf494d8b/node_modules/winston/lib/winston/transports/console.js:87:23)
    at Console._write (/home/codespace/.npm/_npx/7750544ccf494d8b/node_modules/winston-transport/modern.js:103:17)
    at doWrite (/home/codespace/.npm/_npx/7750544ccf494d8b/node_modules/winston-transport/node_modules/readable-stream/lib/_stream_writable.js:390:139)
[error] 
[error] Error: An unexpected error has occurred.
[debug] [2026-08-28T03:37:18.552Z] Error: write EIO
    at afterWriteDispatched (node:internal/stream_base_commons:159:15)
    at writeGeneric (node:internal/stream_base_commons:150:3)
    at Socket._writeGeneric (node:net:966:11)
    at Socket._write (node:net:978:8)
    at writeOrBuffer (node:internal/streams/writable:570:12)
    at _write (node:internal/streams/writable:499:10)
    at Writable.write (node:internal/streams/writable:508:10)
    at Console.log (/home/codespace/.npm/_npx/7750544ccf494d8b/node_modules/winston/lib/winston/transports/console.js:87:23)
    at Console._write (/home/codespace/.npm/_npx/7750544ccf494d8b/node_modules/winston-transport/modern.js:103:17)
    at doWrite (/home/codespace/.npm/_npx/7750544ccf494d8b/node_modules/winston-transport/node_modules/readable-stream/lib/_stream_writable.js:390:139)
[error] 
[error] Error: An unexpected error has occurred.
[debug] [2026-08-28T03:37:18.552Z] Error: write EIO
    at afterWriteDispatched (node:internal/stream_base_commons:159:15)
    at writeGeneric (node:internal/stream_base_commons:150:3)
    at Socket._writeGeneric (node:net:966:11)
    at Socket._write (node:net:978:8)
    at writeOrBuffer (node:internal/streams/writable:570:12)
    at _write (node:internal/streams/writable:499:10)
    at Writable.write (node:internal/streams/writable:508:10)
    at Console.log (/home/codespace/.npm/_npx/7750544ccf494d8b/node_modules/winston/lib/winston/transports/console.js:87:23)
    at Console._write (/home/codespace/.npm/_npx/7750544ccf494d8b/node_modules/winston-transport/modern.js:103:17)
    at doWrite (/home/codespace/.npm/_npx/7750544ccf494d8b/node_modules/winston-transport/node_modules/readable-stream/lib/_stream_writable.js:390:139)
[error] 
[error] Error: An unexpected error has occurred.
[debug] [2026-08-28T03:37:18.553Z] Error: write EIO
    at afterWriteDispatched (node:internal/stream_base_commons:159:15)
    at writeGeneric (node:internal/stream_base_commons:150:3)
    at Socket._writeGeneric (node:net:966:11)
    at Socket._write (node:net:978:8)
    at writeOrBuffer (node:internal/streams/writable:570:12)
    at _write (node:internal/streams/writable:499:10)
    at Writable.write (node:internal/streams/writable:508:10)
    at Console.log (/home/codespace/.npm/_npx/7750544ccf494d8b/node_modules/winston/lib/winston/transports/console.js:87:23)
    at Console._write (/home/codespace/.npm/_npx/7750544ccf494d8b/node_modules/winston-transport/modern.js:103:17)
    at doWrite (/home/codespace/.npm/_npx/7750544ccf494d8b/node_modules/winston-transport/node_modules/readable-stream/lib/_stream_writable.js:390:139)
[error] 
[error] Error: An unexpected error has occurred.
[debug] [2026-08-28T03:37:18.553Z] Error: write EIO
    at afterWriteDispatched (node:internal/stream_base_commons:159:15)
    at writeGeneric (node:internal/stream_base_commons:150:3)
    at Socket._writeGeneric (node:net:966:11)
    at Socket._write (node:net:978:8)
    at writeOrBuffer (node:internal/streams/writable:570:12)
    at _write (node:internal/streams/writable:499:10)
    at Writable.write (node:internal/streams/writable:508:10)
    at Console.log (/home/codespace/.npm/_npx/7750544ccf494d8b/node_modules/winston/lib/winston/transports/console.js:87:23)
    at Console._write (/home/codespace/.npm/_npx/7750544ccf494d8b/node_modules/winston-transport/modern.js:103:17)
    at doWrite (/home/codespace/.npm/_npx/7750544ccf494d8b/node_modules/winston-transport/node_modules/readable-stream/lib/_stream_writable.js:390:139)
[error] 
[error] Error: An unexpected error has occurred.
[debug] [2026-08-28T03:37:18.554Z] Error: write EIO
    at afterWriteDispatched (node:internal/stream_base_commons:159:15)
    at writeGeneric (node:internal/stream_base_commons:150:3)
    at Socket._writeGeneric (node:net:966:11)
    at Socket._write (node:net:978:8)
    at writeOrBuffer (node:internal/streams/writable:570:12)
    at _write (node:internal/streams/writable:499:10)
    at Writable.write (node:internal/streams/writable:508:10)
    at Console.log (/home/codespace/.npm/_npx/7750544ccf494d8b/node_modules/winston/lib/winston/transports/console.js:87:23)
    at Console._write (/home/codespace/.npm/_npx/7750544ccf494d8b/node_modules/winston-transport/modern.js:103:17)
    at doWrite (/home/codespace/.npm/_npx/7750544ccf494d8b/node_modules/winston-transport/node_modules/readable-stream/lib/_stream_writable.js:390:139)
[error] 
[error] Error: An unexpected error has occurred.
[debug] [2026-08-28T03:37:18.554Z] Error: write EIO
    at afterWriteDispatched (node:internal/stream_base_commons:159:15)
    at writeGeneric (node:internal/stream_base_commons:150:3)
    at Socket._writeGeneric (node:net:966:11)
    at Socket._write (node:net:978:8)
    at writeOrBuffer (node:internal/streams/writable:570:12)
    at _write (node:internal/streams/writable:499:10)
    at Writable.write (node:internal/streams/writable:508:10)
    at Console.log (/home/codespace/.npm/_npx/7750544ccf494d8b/node_modules/winston/lib/winston/transports/console.js:87:23)
    at Console._write (/home/codespace/.npm/_npx/7750544ccf494d8b/node_modules/winston-transport/modern.js:103:17)
    at doWrite (/home/codespace/.npm/_npx/7750544ccf494d8b/node_modules/winston-transport/node_modules/readable-stream/lib/_stream_writable.js:390:139)
[error] 
[error] Error: An unexpected error has occurred.
[debug] [2026-08-28T03:37:18.554Z] Error: write EIO
    at afterWriteDispatched (node:internal/stream_base_commons:159:15)
    at writeGeneric (node:internal/stream_base_commons:150:3)
    at Socket._writeGeneric (node:net:966:11)
    at Socket._write (node:net:978:8)
    at writeOrBuffer (node:internal/streams/writable:570:12)
    at _write (node:internal/streams/writable:499:10)
    at Writable.write (node:internal/streams/writable:508:10)
    at Console.log (/home/codespace/.npm/_npx/7750544ccf494d8b/node_modules/winston/lib/winston/transports/console.js:87:23)
    at Console._write (/home/codespace/.npm/_npx/7750544ccf494d8b/node_modules/winston-transport/modern.js:103:17)
    at doWrite (/home/codespace/.npm/_npx/7750544ccf494d8b/node_modules/winston-transport/node_modules/readable-stream/lib/_stream_writable.js:390:139)
[error] 
[error] Error: An unexpected error has occurred.
[debug] [2026-08-28T03:37:18.557Z] Error: write EIO
    at afterWriteDispatched (node:internal/stream_base_commons:159:15)
    at writeGeneric (node:internal/stream_base_commons:150:3)
    at Socket._writeGeneric (node:net:966:11)
    at Socket._write (node:net:978:8)
    at writeOrBuffer (node:internal/streams/writable:570:12)
    at _write (node:internal/streams/writable:499:10)
    at Writable.write (node:internal/streams/writable:508:10)
    at Console.log (/home/codespace/.npm/_npx/7750544ccf494d8b/node_modules/winston/lib/winston/transports/console.js:87:23)
    at Console._write (/home/codespace/.npm/_npx/7750544ccf494d8b/node_modules/winston-transport/modern.js:103:17)
    at doWrite (/home/codespace/.npm/_npx/7750544ccf494d8b/node_modules/winston-transport/node_modules/readable-stream/lib/_stream_writable.js:390:139)
[error] 
[error] Error: An unexpected error has occurred.
[debug] [2026-08-28T03:37:18.557Z] Error: write EIO
    at afterWriteDispatched (node:internal/stream_base_commons:159:15)
    at writeGeneric (node:internal/stream_base_commons:150:3)
    at Socket._writeGeneric (node:net:966:11)
    at Socket._write (node:net:978:8)
    at writeOrBuffer (node:internal/streams/writable:570:12)
    at _write (node:internal/streams/writable:499:10)
    at Writable.write (node:internal/streams/writable:508:10)
    at Console.log (/home/codespace/.npm/_npx/7750544ccf494d8b/node_modules/winston/lib/winston/transports/console.js:87:23)
    at Console._write (/home/codespace/.npm/_npx/7750544ccf494d8b/node_modules/winston-transport/modern.js:103:17)
    at doWrite (/home/codespace/.npm/_npx/7750544ccf494d8b/node_modules/winston-transport/node_modules/readable-stream/lib/_stream_writable.js:390:139)
[error] 
[error] Error: An unexpected error has occurred.
[debug] [2026-08-28T03:37:18.557Z] Error: write EIO
    at afterWriteDispatched (node:internal/stream_base_commons:159:15)
    at writeGeneric (node:internal/stream_base_commons:150:3)
    at Socket._writeGeneric (node:net:966:11)
    at Socket._write (node:net:978:8)
    at writeOrBuffer (node:internal/streams/writable:570:12)
    at _write (node:internal/streams/writable:499:10)
    at Writable.write (node:internal/streams/writable:508:10)
    at Console.log (/home/codespace/.npm/_npx/7750544ccf494d8b/node_modules/winston/lib/winston/transports/console.js:87:23)
    at Console._write (/home/codespace/.npm/_npx/7750544ccf494d8b/node_modules/winston-transport/modern.js:103:17)
    at doWrite (/home/codespace/.npm/_npx/7750544ccf494d8b/node_modules/winston-transport/node_modules/readable-stream/lib/_stream_writable.js:390:139)
[error] 
[error] Error: An unexpected error has occurred.
[debug] [2026-08-28T03:37:18.558Z] Error: write EIO
    at afterWriteDispatched (node:internal/stream_base_commons:159:15)
    at writeGeneric (node:internal/stream_base_commons:150:3)
    at Socket._writeGeneric (node:net:966:11)
    at Socket._write (node:net:978:8)
    at writeOrBuffer (node:internal/streams/writable:570:12)
    at _write (node:internal/streams/writable:499:10)
    at Writable.write (node:internal/streams/writable:508:10)
    at Console.log (/home/codespace/.npm/_npx/7750544ccf494d8b/node_modules/winston/lib/winston/transports/console.js:87:23)
    at Console._write (/home/codespace/.npm/_npx/7750544ccf494d8b/node_modules/winston-transport/modern.js:103:17)
    at doWrite (/home/codespace/.npm/_npx/7750544ccf494d8b/node_modules/winston-transport/node_modules/readable-stream/lib/_stream_writable.js:390:139)
[error] 
[error] Error: An unexpected error has occurred.
[debug] [2026-08-28T03:37:18.558Z] Error: write EIO
    at afterWriteDispatched (node:internal/stream_base_commons:159:15)
    at writeGeneric (node:internal/stream_base_commons:150:3)
    at Socket._writeGeneric (node:net:966:11)
    at Socket._write (node:net:978:8)
    at writeOrBuffer (node:internal/streams/writable:570:12)
    at _write (node:internal/streams/writable:499:10)
    at Writable.write (node:internal/streams/writable:508:10)
    at Console.log (/home/codespace/.npm/_npx/7750544ccf494d8b/node_modules/winston/lib/winston/transports/console.js:87:23)
    at Console._write (/home/codespace/.npm/_npx/7750544ccf494d8b/node_modules/winston-transport/modern.js:103:17)
    at doWrite (/home/codespace/.npm/_npx/7750544ccf494d8b/node_modules/winston-transport/node_modules/readable-stream/lib/_stream_writable.js:390:139)
[error] 
[error] Error: An unexpected error has occurred.
[debug] [2026-08-28T03:37:18.558Z] Error: write EIO
    at afterWriteDispatched (node:internal/stream_base_commons:159:15)
    at writeGeneric (node:internal/stream_base_commons:150:3)
    at Socket._writeGeneric (node:net:966:11)
    at Socket._write (node:net:978:8)
    at writeOrBuffer (node:internal/streams/writable:570:12)
    at _write (node:internal/streams/writable:499:10)
    at Writable.write (node:internal/streams/writable:508:10)
    at Console.log (/home/codespace/.npm/_npx/7750544ccf494d8b/node_modules/winston/lib/winston/transports/console.js:87:23)
    at Console._write (/home/codespace/.npm/_npx/7750544ccf494d8b/node_modules/winston-transport/modern.js:103:17)
    at doWrite (/home/codespace/.npm/_npx/7750544ccf494d8b/node_modules/winston-transport/node_modules/readable-stream/lib/_stream_writable.js:390:139)
[error] 
[error] Error: An unexpected error has occurred.
[debug] [2026-08-28T03:37:18.561Z] Error: write EIO
    at afterWriteDispatched (node:internal/stream_base_commons:159:15)
    at writeGeneric (node:internal/stream_base_commons:150:3)
    at Socket._writeGeneric (node:net:966:11)
    at Socket._write (node:net:978:8)
    at writeOrBuffer (node:internal/streams/writable:570:12)
    at _write (node:internal/streams/writable:499:10)
    at Writable.write (node:internal/streams/writable:508:10)
    at Console.log (/home/codespace/.npm/_npx/7750544ccf494d8b/node_modules/winston/lib/winston/transports/console.js:87:23)
    at Console._write (/home/codespace/.npm/_npx/7750544ccf494d8b/node_modules/winston-transport/modern.js:103:17)
    at doWrite (/home/codespace/.npm/_npx/7750544ccf494d8b/node_modules/winston-transport/node_modules/readable-stream/lib/_stream_writable.js:390:139)
[error] 
[error] Error: An unexpected error has occurred.
[debug] [2026-08-28T03:37:18.561Z] Error: write EIO
    at afterWriteDispatched (node:internal/stream_base_commons:159:15)
    at writeGeneric (node:internal/stream_base_commons:150:3)
    at Socket._writeGeneric (node:net:966:11)
    at Socket._write (node:net:978:8)
    at writeOrBuffer (node:internal/streams/writable:570:12)
    at _write (node:internal/streams/writable:499:10)
    at Writable.write (node:internal/streams/writable:508:10)
    at Console.log (/home/codespace/.npm/_npx/7750544ccf494d8b/node_modules/winston/lib/winston/transports/console.js:87:23)
    at Console._write (/home/codespace/.npm/_npx/7750544ccf494d8b/node_modules/winston-transport/modern.js:103:17)
    at doWrite (/home/codespace/.npm/_npx/7750544ccf494d8b/node_modules/winston-transport/node_modules/readable-stream/lib/_stream_writable.js:390:139)
[error] 
[error] Error: An unexpected error has occurred.
[debug] [2026-08-28T03:37:18.561Z] Error: write EIO
    at afterWriteDispatched (node:internal/stream_base_commons:159:15)
    at writeGeneric (node:internal/stream_base_commons:150:3)
    at Socket._writeGeneric (node:net:966:11)
    at Socket._write (node:net:978:8)
    at writeOrBuffer (node:internal/streams/writable:570:12)
    at _write (node:internal/streams/writable:499:10)
    at Writable.write (node:internal/streams/writable:508:10)
    at Console.log (/home/codespace/.npm/_npx/7750544ccf494d8b/node_modules/winston/lib/winston/transports/console.js:87:23)
    at Console._write (/home/codespace/.npm/_npx/7750544ccf494d8b/node_modules/winston-transport/modern.js:103:17)
    at doWrite (/home/codespace/.npm/_npx/7750544ccf494d8b/node_modules/winston-transport/node_modules/readable-stream/lib/_stream_writable.js:390:139)
[error] 
[error] Error: An unexpected error has occurred.
[debug] [2026-08-28T03:37:18.561Z] Error: write EIO
    at afterWriteDispatched (node:internal/stream_base_commons:159:15)
    at writeGeneric (node:internal/stream_base_commons:150:3)
    at Socket._writeGeneric (node:net:966:11)
    at Socket._write (node:net:978:8)
    at writeOrBuffer (node:internal/streams/writable:570:12)
    at _write (node:internal/streams/writable:499:10)
    at Writable.write (node:internal/streams/writable:508:10)
    at Console.log (/home/codespace/.npm/_npx/7750544ccf494d8b/node_modules/winston/lib/winston/transports/console.js:87:23)
    at Console._write (/home/codespace/.npm/_npx/7750544ccf494d8b/node_modules/winston-transport/modern.js:103:17)
    at doWrite (/home/codespace/.npm/_npx/7750544ccf494d8b/node_modules/winston-transport/node_modules/readable-stream/lib/_stream_writable.js:390:139)
[error] 
[error] Error: An unexpected error has occurred.
[debug] [2026-08-28T03:37:18.562Z] Error: write EIO
    at afterWriteDispatched (node:internal/stream_base_commons:159:15)
    at writeGeneric (node:internal/stream_base_commons:150:3)
    at Socket._writeGeneric (node:net:966:11)
    at Socket._write (node:net:978:8)
    at writeOrBuffer (node:internal/streams/writable:570:12)
    at _write (node:internal/streams/writable:499:10)
    at Writable.write (node:internal/streams/writable:508:10)
    at Console.log (/home/codespace/.npm/_npx/7750544ccf494d8b/node_modules/winston/lib/winston/transports/console.js:87:23)
    at Console._write (/home/codespace/.npm/_npx/7750544ccf494d8b/node_modules/winston-transport/modern.js:103:17)
    at doWrite (/home/codespace/.npm/_npx/7750544ccf494d8b/node_modules/winston-transport/node_modules/readable-stream/lib/_stream_writable.js:390:139)
[error] 
[error] Error: An unexpected error has occurred.
[debug] [2026-08-28T03:37:18.562Z] Error: write EIO
    at afterWriteDispatched (node:internal/stream_base_commons:159:15)
    at writeGeneric (node:internal/stream_base_commons:150:3)
    at Socket._writeGeneric (node:net:966:11)
    at Socket._write (node:net:978:8)
    at writeOrBuffer (node:internal/streams/writable:570:12)
    at _write (node:internal/streams/writable:499:10)
    at Writable.write (node:internal/streams/writable:508:10)
    at Console.log (/home/codespace/.npm/_npx/7750544ccf494d8b/node_modules/winston/lib/winston/transports/console.js:87:23)
    at Console._write (/home/codespace/.npm/_npx/7750544ccf494d8b/node_modules/winston-transport/modern.js:103:17)
    at doWrite (/home/codespace/.npm/_npx/7750544ccf494d8b/node_modules/winston-transport/node_modules/readable-stream/lib/_stream_writable.js:390:139)
[error] 
[error] Error: An unexpected error has occurred.
[debug] [2026-08-28T03:37:18.562Z] Error: write EIO
    at afterWriteDispatched (node:internal/stream_base_commons:159:15)
    at writeGeneric (node:internal/stream_base_commons:150:3)
    at Socket._writeGeneric (node:net:966:11)
    at Socket._write (node:net:978:8)
    at writeOrBuffer (node:internal/streams/writable:570:12)
    at _write (node:internal/streams/writable:499:10)
    at Writable.write (node:internal/streams/writable:508:10)
    at Console.log (/home/codespace/.npm/_npx/7750544ccf494d8b/node_modules/winston/lib/winston/transports/console.js:87:23)
    at Console._write (/home/codespace/.npm/_npx/7750544ccf494d8b/node_modules/winston-transport/modern.js:103:17)
    at doWrite (/home/codespace/.npm/_npx/7750544ccf494d8b/node_modules/winston-transport/node_modules/readable-stream/lib/_stream_writable.js:390:139)
[error] 
[error] Error: An unexpected error has occurred.
[debug] [2026-08-28T03:37:18.562Z] Error: write EIO
    at afterWriteDispatched (node:internal/stream_base_commons:159:15)
    at writeGeneric (node:internal/stream_base_commons:150:3)
    at Socket._writeGeneric (node:net:966:11)
    at Socket._write (node:net:978:8)
    at writeOrBuffer (node:internal/streams/writable:570:12)
    at _write (node:internal/streams/writable:499:10)
    at Writable.write (node:internal/streams/writable:508:10)
    at Console.log (/home/codespace/.npm/_npx/7750544ccf494d8b/node_modules/winston/lib/winston/transports/console.js:87:23)
    at Console._write (/home/codespace/.npm/_npx/7750544ccf494d8b/node_modules/winston-transport/modern.js:103:17)
    at doWrite (/home/codespace/.npm/_npx/7750544ccf494d8b/node_modules/winston-transport/node_modules/readable-stream/lib/_stream_writable.js:390:139)
[error] 
[error] Error: An unexpected error has occurred.
[debug] [2026-08-28T03:37:18.564Z] Error: write EIO
    at afterWriteDispatched (node:internal/stream_base_commons:159:15)
    at writeGeneric (node:internal/stream_base_commons:150:3)
    at Socket._writeGeneric (node:net:966:11)
    at Socket._write (node:net:978:8)
    at writeOrBuffer (node:internal/streams/writable:570:12)
    at _write (node:internal/streams/writable:499:10)
    at Writable.write (node:internal/streams/writable:508:10)
    at Console.log (/home/codespace/.npm/_npx/7750544ccf494d8b/node_modules/winston/lib/winston/transports/console.js:87:23)
    at Console._write (/home/codespace/.npm/_npx/7750544ccf494d8b/node_modules/winston-transport/modern.js:103:17)
    at doWrite (/home/codespace/.npm/_npx/7750544ccf494d8b/node_modules/winston-transport/node_modules/readable-stream/lib/_stream_writable.js:390:139)
[error] 
[error] Error: An unexpected error has occurred.
[debug] [2026-08-28T03:37:18.565Z] Error: write EIO
    at afterWriteDispatched (node:internal/stream_base_commons:159:15)
    at writeGeneric (node:internal/stream_base_commons:150:3)
    at Socket._writeGeneric (node:net:966:11)
    at Socket._write (node:net:978:8)
    at writeOrBuffer (node:internal/streams/writable:570:12)
    at _write (node:internal/streams/writable:499:10)
    at Writable.write (node:internal/streams/writable:508:10)
    at Console.log (/home/codespace/.npm/_npx/7750544ccf494d8b/node_modules/winston/lib/winston/transports/console.js:87:23)
    at Console._write (/home/codespace/.npm/_npx/7750544ccf494d8b/node_modules/winston-transport/modern.js:103:17)
    at doWrite (/home/codespace/.npm/_npx/7750544ccf494d8b/node_modules/winston-transport/node_modules/readable-stream/lib/_stream_writable.js:390:139)
[error] 
[error] Error: An unexpected error has occurred.
[debug] [2026-08-28T03:37:18.565Z] Error: write EIO
    at afterWriteDispatched (node:internal/stream_base_commons:159:15)
    at writeGeneric (node:internal/stream_base_commons:150:3)
    at Socket._writeGeneric (node:net:966:11)
    at Socket._write (node:net:978:8)
    at writeOrBuffer (node:internal/streams/writable:570:12)
    at _write (node:internal/streams/writable:499:10)
    at Writable.write (node:internal/streams/writable:508:10)
    at Console.log (/home/codespace/.npm/_npx/7750544ccf494d8b/node_modules/winston/lib/winston/transports/console.js:87:23)
    at Console._write (/home/codespace/.npm/_npx/7750544ccf494d8b/node_modules/winston-transport/modern.js:103:17)
    at doWrite (/home/codespace/.npm/_npx/7750544ccf494d8b/node_modules/winston-transport/node_modules/readable-stream/lib/_stream_writable.js:390:139)
[error] 
[error] Error: An unexpected error has occurred.
[debug] [2026-08-28T03:37:18.565Z] Error: write EIO
    at afterWriteDispatched (node:internal/stream_base_commons:159:15)
    at writeGeneric (node:internal/stream_base_commons:150:3)
    at Socket._writeGeneric (node:net:966:11)
    at Socket._write (node:net:978:8)
    at writeOrBuffer (node:internal/streams/writable:570:12)
    at _write (node:internal/streams/writable:499:10)
    at Writable.write (node:internal/streams/writable:508:10)
    at Console.log (/home/codespace/.npm/_npx/7750544ccf494d8b/node_modules/winston/lib/winston/transports/console.js:87:23)
    at Console._write (/home/codespace/.npm/_npx/7750544ccf494d8b/node_modules/winston-transport/modern.js:103:17)
    at doWrite (/home/codespace/.npm/_npx/7750544ccf494d8b/node_modules/winston-transport/node_modules/readable-stream/lib/_stream_writable.js:390:139)
[error] 
[error] Error: An unexpected error has occurred.
[debug] [2026-08-28T03:37:18.566Z] Error: write EIO
    at afterWriteDispatched (node:internal/stream_base_commons:159:15)
    at writeGeneric (node:internal/stream_base_commons:150:3)
    at Socket._writeGeneric (node:net:966:11)
    at Socket._write (node:net:978:8)
    at writeOrBuffer (node:internal/streams/writable:570:12)
    at _write (node:internal/streams/writable:499:10)
    at Writable.write (node:internal/streams/writable:508:10)
    at Console.log (/home/codespace/.npm/_npx/7750544ccf494d8b/node_modules/winston/lib/winston/transports/console.js:87:23)
    at Console._write (/home/codespace/.npm/_npx/7750544ccf494d8b/node_modules/winston-transport/modern.js:103:17)
    at doWrite (/home/codespace/.npm/_npx/7750544ccf494d8b/node_modules/winston-transport/node_modules/readable-stream/lib/_stream_writable.js:390:139)
[error] 
[error] Error: An unexpected error has occurred.
[debug] [2026-08-28T03:37:18.566Z] Error: write EIO
    at afterWriteDispatched (node:internal/stream_base_commons:159:15)
    at writeGeneric (node:internal/stream_base_commons:150:3)
    at Socket._writeGeneric (node:net:966:11)
    at Socket._write (node:net:978:8)
    at writeOrBuffer (node:internal/streams/writable:570:12)
    at _write (node:internal/streams/writable:499:10)
    at Writable.write (node:internal/streams/writable:508:10)
    at Console.log (/home/codespace/.npm/_npx/7750544ccf494d8b/node_modules/winston/lib/winston/transports/console.js:87:23)
    at Console._write (/home/codespace/.npm/_npx/7750544ccf494d8b/node_modules/winston-transport/modern.js:103:17)
    at doWrite (/home/codespace/.npm/_npx/7750544ccf494d8b/node_modules/winston-transport/node_modules/readable-stream/lib/_stream_writable.js:390:139)
[error] 
[error] Error: An unexpected error has occurred.
[debug] [2026-08-28T03:37:18.567Z] Error: write EIO
    at afterWriteDispatched (node:internal/stream_base_commons:159:15)
    at writeGeneric (node:internal/stream_base_commons:150:3)
    at Socket._writeGeneric (node:net:966:11)
    at Socket._write (node:net:978:8)
    at writeOrBuffer (node:internal/streams/writable:570:12)
    at _write (node:internal/streams/writable:499:10)
    at Writable.write (node:internal/streams/writable:508:10)
    at Console.log (/home/codespace/.npm/_npx/7750544ccf494d8b/node_modules/winston/lib/winston/transports/console.js:87:23)
    at Console._write (/home/codespace/.npm/_npx/7750544ccf494d8b/node_modules/winston-transport/modern.js:103:17)
    at doWrite (/home/codespace/.npm/_npx/7750544ccf494d8b/node_modules/winston-transport/node_modules/readable-stream/lib/_stream_writable.js:390:139)
[error] 
[error] Error: An unexpected error has occurred.
[debug] [2026-08-28T03:37:18.567Z] Error: write EIO
    at afterWriteDispatched (node:internal/stream_base_commons:159:15)
    at writeGeneric (node:internal/stream_base_commons:150:3)
    at Socket._writeGeneric (node:net:966:11)
    at Socket._write (node:net:978:8)
    at writeOrBuffer (node:internal/streams/writable:570:12)
    at _write (node:internal/streams/writable:499:10)
    at Writable.write (node:internal/streams/writable:508:10)
    at Console.log (/home/codespace/.npm/_npx/7750544ccf494d8b/node_modules/winston/lib/winston/transports/console.js:87:23)
    at Console._write (/home/codespace/.npm/_npx/7750544ccf494d8b/node_modules/winston-transport/modern.js:103:17)
    at doWrite (/home/codespace/.npm/_npx/7750544ccf494d8b/node_modules/winston-transport/node_modules/readable-stream/lib/_stream_writable.js:390:139)
[error] 
[error] Error: An unexpected error has occurred.
[debug] [2026-08-28T03:37:18.568Z] Error: write EIO
    at afterWriteDispatched (node:internal/stream_base_commons:159:15)
    at writeGeneric (node:internal/stream_base_commons:150:3)
    at Socket._writeGeneric (node:net:966:11)
    at Socket._write (node:net:978:8)
    at writeOrBuffer (node:internal/streams/writable:570:12)
    at _write (node:internal/streams/writable:499:10)
    at Writable.write (node:internal/streams/writable:508:10)
    at Console.log (/home/codespace/.npm/_npx/7750544ccf494d8b/node_modules/winston/lib/winston/transports/console.js:87:23)
    at Console._write (/home/codespace/.npm/_npx/7750544ccf494d8b/node_modules/winston-transport/modern.js:103:17)
    at doWrite (/home/codespace/.npm/_npx/7750544ccf494d8b/node_modules/winston-transport/node_modules/readable-stream/lib/_stream_writable.js:390:139)
[error] 
[error] Error: An unexpected error has occurred.
[debug] [2026-08-28T03:37:18.568Z] Error: write EIO
    at afterWriteDispatched (node:internal/stream_base_commons:159:15)
    at writeGeneric (node:internal/stream_base_commons:150:3)
    at Socket._writeGeneric (node:net:966:11)
    at Socket._write (node:net:978:8)
    at writeOrBuffer (node:internal/streams/writable:570:12)
    at _write (node:internal/streams/writable:499:10)
    at Writable.write (node:internal/streams/writable:508:10)
    at Console.log (/home/codespace/.npm/_npx/7750544ccf494d8b/node_modules/winston/lib/winston/transports/console.js:87:23)
    at Console._write (/home/codespace/.npm/_npx/7750544ccf494d8b/node_modules/winston-transport/modern.js:103:17)
    at doWrite (/home/codespace/.npm/_npx/7750544ccf494d8b/node_modules/winston-transport/node_modules/readable-stream/lib/_stream_writable.js:390:139)
[error] 
[error] Error: An unexpected error has occurred.
[debug] [2026-08-28T03:37:18.568Z] Error: write EIO
    at afterWriteDispatched (node:internal/stream_base_commons:159:15)
    at writeGeneric (node:internal/stream_base_commons:150:3)
    at Socket._writeGeneric (node:net:966:11)
    at Socket._write (node:net:978:8)
    at writeOrBuffer (node:internal/streams/writable:570:12)
    at _write (node:internal/streams/writable:499:10)
    at Writable.write (node:internal/streams/writable:508:10)
    at Console.log (/home/codespace/.npm/_npx/7750544ccf494d8b/node_modules/winston/lib/winston/transports/console.js:87:23)
    at Console._write (/home/codespace/.npm/_npx/7750544ccf494d8b/node_modules/winston-transport/modern.js:103:17)
    at doWrite (/home/codespace/.npm/_npx/7750544ccf494d8b/node_modules/winston-transport/node_modules/readable-stream/lib/_stream_writable.js:390:139)
[error] 
[error] Error: An unexpected error has occurred.
[debug] [2026-08-28T03:37:18.568Z] Error: write EIO
    at afterWriteDispatched (node:internal/stream_base_commons:159:15)
    at writeGeneric (node:internal/stream_base_commons:150:3)
    at Socket._writeGeneric (node:net:966:11)
    at Socket._write (node:net:978:8)
    at writeOrBuffer (node:internal/streams/writable:570:12)
    at _write (node:internal/streams/writable:499:10)
    at Writable.write (node:internal/streams/writable:508:10)
    at Console.log (/home/codespace/.npm/_npx/7750544ccf494d8b/node_modules/winston/lib/winston/transports/console.js:87:23)
    at Console._write (/home/codespace/.npm/_npx/7750544ccf494d8b/node_modules/winston-transport/modern.js:103:17)
    at doWrite (/home/codespace/.npm/_npx/7750544ccf494d8b/node_modules/winston-transport/node_modules/readable-stream/lib/_stream_writable.js:390:139)
[error] 
[error] Error: An unexpected error has occurred.
[debug] [2026-08-28T03:37:18.569Z] Error: write EIO
    at afterWriteDispatched (node:internal/stream_base_commons:159:15)
    at writeGeneric (node:internal/stream_base_commons:150:3)
    at Socket._writeGeneric (node:net:966:11)
    at Socket._write (node:net:978:8)
    at writeOrBuffer (node:internal/streams/writable:570:12)
    at _write (node:internal/streams/writable:499:10)
    at Writable.write (node:internal/streams/writable:508:10)
    at Console.log (/home/codespace/.npm/_npx/7750544ccf494d8b/node_modules/winston/lib/winston/transports/console.js:87:23)
    at Console._write (/home/codespace/.npm/_npx/7750544ccf494d8b/node_modules/winston-transport/modern.js:103:17)
    at doWrite (/home/codespace/.npm/_npx/7750544ccf494d8b/node_modules/winston-transport/node_modules/readable-stream/lib/_stream_writable.js:390:139)
[error] 
[error] Error: An unexpected error has occurred.
[debug] [2026-08-28T03:37:18.569Z] Error: write EIO
    at afterWriteDispatched (node:internal/stream_base_commons:159:15)
    at writeGeneric (node:internal/stream_base_commons:150:3)
    at Socket._writeGeneric (node:net:966:11)
    at Socket._write (node:net:978:8)
    at writeOrBuffer (node:internal/streams/writable:570:12)
    at _write (node:internal/streams/writable:499:10)
    at Writable.write (node:internal/streams/writable:508:10)
    at Console.log (/home/codespace/.npm/_npx/7750544ccf494d8b/node_modules/winston/lib/winston/transports/console.js:87:23)
    at Console._write (/home/codespace/.npm/_npx/7750544ccf494d8b/node_modules/winston-transport/modern.js:103:17)
    at doWrite (/home/codespace/.npm/_npx/7750544ccf494d8b/node_modules/winston-transport/node_modules/readable-stream/lib/_stream_writable.js:390:139)
[error] 
[error] Error: An unexpected error has occurred.
[debug] [2026-08-28T03:37:18.569Z] Error: write EIO
    at afterWriteDispatched (node:internal/stream_base_commons:159:15)
    at writeGeneric (node:internal/stream_base_commons:150:3)
    at Socket._writeGeneric (node:net:966:11)
    at Socket._write (node:net:978:8)
    at writeOrBuffer (node:internal/streams/writable:570:12)
    at _write (node:internal/streams/writable:499:10)
    at Writable.write (node:internal/streams/writable:508:10)
    at Console.log (/home/codespace/.npm/_npx/7750544ccf494d8b/node_modules/winston/lib/winston/transports/console.js:87:23)
    at Console._write (/home/codespace/.npm/_npx/7750544ccf494d8b/node_modules/winston-transport/modern.js:103:17)
    at doWrite (/home/codespace/.npm/_npx/7750544ccf494d8b/node_modules/winston-transport/node_modules/readable-stream/lib/_stream_writable.js:390:139)
[error] 
[error] Error: An unexpected error has occurred.
[debug] [2026-08-28T03:37:18.570Z] Error: write EIO
    at afterWriteDispatched (node:internal/stream_base_commons:159:15)
    at writeGeneric (node:internal/stream_base_commons:150:3)
    at Socket._writeGeneric (node:net:966:11)
    at Socket._write (node:net:978:8)
    at writeOrBuffer (node:internal/streams/writable:570:12)
    at _write (node:internal/streams/writable:499:10)
    at Writable.write (node:internal/streams/writable:508:10)
    at Console.log (/home/codespace/.npm/_npx/7750544ccf494d8b/node_modules/winston/lib/winston/transports/console.js:87:23)
    at Console._write (/home/codespace/.npm/_npx/7750544ccf494d8b/node_modules/winston-transport/modern.js:103:17)
    at doWrite (/home/codespace/.npm/_npx/7750544ccf494d8b/node_modules/winston-transport/node_modules/readable-stream/lib/_stream_writable.js:390:139)
[error] 
[error] Error: An unexpected error has occurred.
[debug] [2026-08-28T03:37:18.570Z] Error: write EIO
    at afterWriteDispatched (node:internal/stream_base_commons:159:15)
    at writeGeneric (node:internal/stream_base_commons:150:3)
    at Socket._writeGeneric (node:net:966:11)
    at Socket._write (node:net:978:8)
    at writeOrBuffer (node:internal/streams/writable:570:12)
    at _write (node:internal/streams/writable:499:10)
    at Writable.write (node:internal/streams/writable:508:10)
    at Console.log (/home/codespace/.npm/_npx/7750544ccf494d8b/node_modules/winston/lib/winston/transports/console.js:87:23)
    at Console._write (/home/codespace/.npm/_npx/7750544ccf494d8b/node_modules/winston-transport/modern.js:103:17)
    at doWrite (/home/codespace/.npm/_npx/7750544ccf494d8b/node_modules/winston-transport/node_modules/readable-stream/lib/_stream_writable.js:390:139)
[error] 
[error] Error: An unexpected error has occurred.
[debug] [2026-08-28T03:37:18.570Z] Error: write EIO
    at afterWriteDispatched (node:internal/stream_base_commons:159:15)
    at writeGeneric (node:internal/stream_base_commons:150:3)
    at Socket._writeGeneric (node:net:966:11)
    at Socket._write (node:net:978:8)
    at writeOrBuffer (node:internal/streams/writable:570:12)
    at _write (node:internal/streams/writable:499:10)
    at Writable.write (node:internal/streams/writable:508:10)
    at Console.log (/home/codespace/.npm/_npx/7750544ccf494d8b/node_modules/winston/lib/winston/transports/console.js:87:23)
    at Console._write (/home/codespace/.npm/_npx/7750544ccf494d8b/node_modules/winston-transport/modern.js:103:17)
    at doWrite (/home/codespace/.npm/_npx/7750544ccf494d8b/node_modules/winston-transport/node_modules/readable-stream/lib/_stream_writable.js:390:139)
[error] 
[error] Error: An unexpected error has occurred.
[debug] [2026-08-28T03:37:18.570Z] Error: write EIO
    at afterWriteDispatched (node:internal/stream_base_commons:159:15)
    at writeGeneric (node:internal/stream_base_commons:150:3)
    at Socket._writeGeneric (node:net:966:11)
    at Socket._write (node:net:978:8)
    at writeOrBuffer (node:internal/streams/writable:570:12)
    at _write (node:internal/streams/writable:499:10)
    at Writable.write (node:internal/streams/writable:508:10)
    at Console.log (/home/codespace/.npm/_npx/7750544ccf494d8b/node_modules/winston/lib/winston/transports/console.js:87:23)
    at Console._write (/home/codespace/.npm/_npx/7750544ccf494d8b/node_modules/winston-transport/modern.js:103:17)
    at doWrite (/home/codespace/.npm/_npx/7750544ccf494d8b/node_modules/winston-transport/node_modules/readable-stream/lib/_stream_writable.js:390:139)
[error] 
[error] Error: An unexpected error has occurred.
[debug] [2026-08-28T03:37:18.571Z] Error: write EIO
    at afterWriteDispatched (node:internal/stream_base_commons:159:15)
    at writeGeneric (node:internal/stream_base_commons:150:3)
    at Socket._writeGeneric (node:net:966:11)
    at Socket._write (node:net:978:8)
    at writeOrBuffer (node:internal/streams/writable:570:12)
    at _write (node:internal/streams/writable:499:10)
    at Writable.write (node:internal/streams/writable:508:10)
    at Console.log (/home/codespace/.npm/_npx/7750544ccf494d8b/node_modules/winston/lib/winston/transports/console.js:87:23)
    at Console._write (/home/codespace/.npm/_npx/7750544ccf494d8b/node_modules/winston-transport/modern.js:103:17)
    at doWrite (/home/codespace/.npm/_npx/7750544ccf494d8b/node_modules/winston-transport/node_modules/readable-stream/lib/_stream_writable.js:390:139)
[error] 
[error] Error: An unexpected error has occurred.
[debug] [2026-08-28T03:37:18.571Z] Error: write EIO
    at afterWriteDispatched (node:internal/stream_base_commons:159:15)
    at writeGeneric (node:internal/stream_base_commons:150:3)
    at Socket._writeGeneric (node:net:966:11)
    at Socket._write (node:net:978:8)
    at writeOrBuffer (node:internal/streams/writable:570:12)
    at _write (node:internal/streams/writable:499:10)
    at Writable.write (node:internal/streams/writable:508:10)
    at Console.log (/home/codespace/.npm/_npx/7750544ccf494d8b/node_modules/winston/lib/winston/transports/console.js:87:23)
    at Console._write (/home/codespace/.npm/_npx/7750544ccf494d8b/node_modules/winston-transport/modern.js:103:17)
    at doWrite (/home/codespace/.npm/_npx/7750544ccf494d8b/node_modules/winston-transport/node_modules/readable-stream/lib/_stream_writable.js:390:139)
[error] 
[error] Error: An unexpected error has occurred.
[debug] [2026-08-28T03:37:18.571Z] Error: write EIO
    at afterWriteDispatched (node:internal/stream_base_commons:159:15)
    at writeGeneric (node:internal/stream_base_commons:150:3)
    at Socket._writeGeneric (node:net:966:11)
    at Socket._write (node:net:978:8)
    at writeOrBuffer (node:internal/streams/writable:570:12)
    at _write (node:internal/streams/writable:499:10)
    at Writable.write (node:internal/streams/writable:508:10)
    at Console.log (/home/codespace/.npm/_npx/7750544ccf494d8b/node_modules/winston/lib/winston/transports/console.js:87:23)
    at Console._write (/home/codespace/.npm/_npx/7750544ccf494d8b/node_modules/winston-transport/modern.js:103:17)
    at doWrite (/home/codespace/.npm/_npx/7750544ccf494d8b/node_modules/winston-transport/node_modules/readable-stream/lib/_stream_writable.js:390:139)
[error] 
[error] Error: An unexpected error has occurred.
[debug] [2026-08-28T03:37:18.571Z] Error: write EIO
    at afterWriteDispatched (node:internal/stream_base_commons:159:15)
    at writeGeneric (node:internal/stream_base_commons:150:3)
    at Socket._writeGeneric (node:net:966:11)
    at Socket._write (node:net:978:8)
    at writeOrBuffer (node:internal/streams/writable:570:12)
    at _write (node:internal/streams/writable:499:10)
    at Writable.write (node:internal/streams/writable:508:10)
    at Console.log (/home/codespace/.npm/_npx/7750544ccf494d8b/node_modules/winston/lib/winston/transports/console.js:87:23)
    at Console._write (/home/codespace/.npm/_npx/7750544ccf494d8b/node_modules/winston-transport/modern.js:103:17)
    at doWrite (/home/codespace/.npm/_npx/7750544ccf494d8b/node_modules/winston-transport/node_modules/readable-stream/lib/_stream_writable.js:390:139)
[error] 
[error] Error: An unexpected error has occurred.
[debug] [2026-08-28T03:37:18.572Z] Error: write EIO
    at afterWriteDispatched (node:internal/stream_base_commons:159:15)
    at writeGeneric (node:internal/stream_base_commons:150:3)
    at Socket._writeGeneric (node:net:966:11)
    at Socket._write (node:net:978:8)
    at writeOrBuffer (node:internal/streams/writable:570:12)
    at _write (node:internal/streams/writable:499:10)
    at Writable.write (node:internal/streams/writable:508:10)
    at Console.log (/home/codespace/.npm/_npx/7750544ccf494d8b/node_modules/winston/lib/winston/transports/console.js:87:23)
    at Console._write (/home/codespace/.npm/_npx/7750544ccf494d8b/node_modules/winston-transport/modern.js:103:17)
    at doWrite (/home/codespace/.npm/_npx/7750544ccf494d8b/node_modules/winston-transport/node_modules/readable-stream/lib/_stream_writable.js:390:139)
[error] 
[error] Error: An unexpected error has occurred.
[debug] [2026-08-28T03:37:18.572Z] Error: write EIO
    at afterWriteDispatched (node:internal/stream_base_commons:159:15)
    at writeGeneric (node:internal/stream_base_commons:150:3)
    at Socket._writeGeneric (node:net:966:11)
    at Socket._write (node:net:978:8)
    at writeOrBuffer (node:internal/streams/writable:570:12)
    at _write (node:internal/streams/writable:499:10)
    at Writable.write (node:internal/streams/writable:508:10)
    at Console.log (/home/codespace/.npm/_npx/7750544ccf494d8b/node_modules/winston/lib/winston/transports/console.js:87:23)
    at Console._write (/home/codespace/.npm/_npx/7750544ccf494d8b/node_modules/winston-transport/modern.js:103:17)
    at doWrite (/home/codespace/.npm/_npx/7750544ccf494d8b/node_modules/winston-transport/node_modules/readable-stream/lib/_stream_writable.js:390:139)
[error] 
[error] Error: An unexpected error has occurred.
[debug] [2026-08-28T03:37:18.572Z] Error: write EIO
    at afterWriteDispatched (node:internal/stream_base_commons:159:15)
    at writeGeneric (node:internal/stream_base_commons:150:3)
    at Socket._writeGeneric (node:net:966:11)
    at Socket._write (node:net:978:8)
    at writeOrBuffer (node:internal/streams/writable:570:12)
    at _write (node:internal/streams/writable:499:10)
    at Writable.write (node:internal/streams/writable:508:10)
    at Console.log (/home/codespace/.npm/_npx/7750544ccf494d8b/node_modules/winston/lib/winston/transports/console.js:87:23)
    at Console._write (/home/codespace/.npm/_npx/7750544ccf494d8b/node_modules/winston-transport/modern.js:103:17)
    at doWrite (/home/codespace/.npm/_npx/7750544ccf494d8b/node_modules/winston-transport/node_modules/readable-stream/lib/_stream_writable.js:390:139)
[error] 
[error] Error: An unexpected error has occurred.
[debug] [2026-08-28T03:37:18.572Z] Error: write EIO
    at afterWriteDispatched (node:internal/stream_base_commons:159:15)
    at writeGeneric (node:internal/stream_base_commons:150:3)
    at Socket._writeGeneric (node:net:966:11)
    at Socket._write (node:net:978:8)
    at writeOrBuffer (node:internal/streams/writable:570:12)
    at _write (node:internal/streams/writable:499:10)
    at Writable.write (node:internal/streams/writable:508:10)
    at Console.log (/home/codespace/.npm/_npx/7750544ccf494d8b/node_modules/winston/lib/winston/transports/console.js:87:23)
    at Console._write (/home/codespace/.npm/_npx/7750544ccf494d8b/node_modules/winston-transport/modern.js:103:17)
    at doWrite (/home/codespace/.npm/_npx/7750544ccf494d8b/node_modules/winston-transport/node_modules/readable-stream/lib/_stream_writable.js:390:139)
[error] 
[error] Error: An unexpected error has occurred.
[debug] [2026-08-28T03:37:18.574Z] Error: write EIO
    at afterWriteDispatched (node:internal/stream_base_commons:159:15)
    at writeGeneric (node:internal/stream_base_commons:150:3)
    at Socket._writeGeneric (node:net:966:11)
    at Socket._write (node:net:978:8)
    at writeOrBuffer (node:internal/streams/writable:570:12)
    at _write (node:internal/streams/writable:499:10)
    at Writable.write (node:internal/streams/writable:508:10)
    at Console.log (/home/codespace/.npm/_npx/7750544ccf494d8b/node_modules/winston/lib/winston/transports/console.js:87:23)
    at Console._write (/home/codespace/.npm/_npx/7750544ccf494d8b/node_modules/winston-transport/modern.js:103:17)
    at doWrite (/home/codespace/.npm/_npx/7750544ccf494d8b/node_modules/winston-transport/node_modules/readable-stream/lib/_stream_writable.js:390:139)
[error] 
[error] Error: An unexpected error has occurred.
[debug] [2026-08-28T03:37:18.574Z] Error: write EIO
    at afterWriteDispatched (node:internal/stream_base_commons:159:15)
    at writeGeneric (node:internal/stream_base_commons:150:3)
    at Socket._writeGeneric (node:net:966:11)
    at Socket._write (node:net:978:8)
    at writeOrBuffer (node:internal/streams/writable:570:12)
    at _write (node:internal/streams/writable:499:10)
    at Writable.write (node:internal/streams/writable:508:10)
    at Console.log (/home/codespace/.npm/_npx/7750544ccf494d8b/node_modules/winston/lib/winston/transports/console.js:87:23)
    at Console._write (/home/codespace/.npm/_npx/7750544ccf494d8b/node_modules/winston-transport/modern.js:103:17)
    at doWrite (/home/codespace/.npm/_npx/7750544ccf494d8b/node_modules/winston-transport/node_modules/readable-stream/lib/_stream_writable.js:390:139)
[error] 
[error] Error: An unexpected error has occurred.
[debug] [2026-08-28T03:37:18.574Z] Error: write EIO
    at afterWriteDispatched (node:internal/stream_base_commons:159:15)
    at writeGeneric (node:internal/stream_base_commons:150:3)
    at Socket._writeGeneric (node:net:966:11)
    at Socket._write (node:net:978:8)
    at writeOrBuffer (node:internal/streams/writable:570:12)
    at _write (node:internal/streams/writable:499:10)
    at Writable.write (node:internal/streams/writable:508:10)
    at Console.log (/home/codespace/.npm/_npx/7750544ccf494d8b/node_modules/winston/lib/winston/transports/console.js:87:23)
    at Console._write (/home/codespace/.npm/_npx/7750544ccf494d8b/node_modules/winston-transport/modern.js:103:17)
    at doWrite (/home/codespace/.npm/_npx/7750544ccf494d8b/node_modules/winston-transport/node_modules/readable-stream/lib/_stream_writable.js:390:139)
[error] 
[error] Error: An unexpected error has occurred.
[debug] [2026-08-28T03:37:18.577Z] Error: write EIO
    at afterWriteDispatched (node:internal/stream_base_commons:159:15)
    at writeGeneric (node:internal/stream_base_commons:150:3)
    at Socket._writeGeneric (node:net:966:11)
    at Socket._write (node:net:978:8)
    at writeOrBuffer (node:internal/streams/writable:570:12)
    at _write (node:internal/streams/writable:499:10)
    at Writable.write (node:internal/streams/writable:508:10)
    at Console.log (/home/codespace/.npm/_npx/7750544ccf494d8b/node_modules/winston/lib/winston/transports/console.js:87:23)
    at Console._write (/home/codespace/.npm/_npx/7750544ccf494d8b/node_modules/winston-transport/modern.js:103:17)
    at doWrite (/home/codespace/.npm/_npx/7750544ccf494d8b/node_modules/winston-transport/node_modules/readable-stream/lib/_stream_writable.js:390:139)
[error] 
[error] Error: An unexpected error has occurred.
[debug] [2026-08-28T03:37:18.577Z] Error: write EIO
    at afterWriteDispatched (node:internal/stream_base_commons:159:15)
    at writeGeneric (node:internal/stream_base_commons:150:3)
    at Socket._writeGeneric (node:net:966:11)
    at Socket._write (node:net:978:8)
    at writeOrBuffer (node:internal/streams/writable:570:12)
    at _write (node:internal/streams/writable:499:10)
    at Writable.write (node:internal/streams/writable:508:10)
    at Console.log (/home/codespace/.npm/_npx/7750544ccf494d8b/node_modules/winston/lib/winston/transports/console.js:87:23)
    at Console._write (/home/codespace/.npm/_npx/7750544ccf494d8b/node_modules/winston-transport/modern.js:103:17)
    at doWrite (/home/codespace/.npm/_npx/7750544ccf494d8b/node_modules/winston-transport/node_modules/readable-stream/lib/_stream_writable.js:390:139)
[error] 
[error] Error: An unexpected error has occurred.
[debug] [2026-08-28T03:37:18.577Z] Error: write EIO
    at afterWriteDispatched (node:internal/stream_base_commons:159:15)
    at writeGeneric (node:internal/stream_base_commons:150:3)
    at Socket._writeGeneric (node:net:966:11)
    at Socket._write (node:net:978:8)
    at writeOrBuffer (node:internal/streams/writable:570:12)
    at _write (node:internal/streams/writable:499:10)
    at Writable.write (node:internal/streams/writable:508:10)
    at Console.log (/home/codespace/.npm/_npx/7750544ccf494d8b/node_modules/winston/lib/winston/transports/console.js:87:23)
    at Console._write (/home/codespace/.npm/_npx/7750544ccf494d8b/node_modules/winston-transport/modern.js:103:17)
    at doWrite (/home/codespace/.npm/_npx/7750544ccf494d8b/node_modules/winston-transport/node_modules/readable-stream/lib/_stream_writable.js:390:139)
[error] 
[error] Error: An unexpected error has occurred.
[debug] [2026-08-28T03:37:18.577Z] Error: write EIO
    at afterWriteDispatched (node:internal/stream_base_commons:159:15)
    at writeGeneric (node:internal/stream_base_commons:150:3)
    at Socket._writeGeneric (node:net:966:11)
    at Socket._write (node:net:978:8)
    at writeOrBuffer (node:internal/streams/writable:570:12)
    at _write (node:internal/streams/writable:499:10)
    at Writable.write (node:internal/streams/writable:508:10)
    at Console.log (/home/codespace/.npm/_npx/7750544ccf494d8b/node_modules/winston/lib/winston/transports/console.js:87:23)
    at Console._write (/home/codespace/.npm/_npx/7750544ccf494d8b/node_modules/winston-transport/modern.js:103:17)
    at doWrite (/home/codespace/.npm/_npx/7750544ccf494d8b/node_modules/winston-transport/node_modules/readable-stream/lib/_stream_writable.js:390:139)
[error] 
[error] Error: An unexpected error has occurred.
[debug] [2026-08-28T03:37:18.577Z] Error: write EIO
    at afterWriteDispatched (node:internal/stream_base_commons:159:15)
    at writeGeneric (node:internal/stream_base_commons:150:3)
    at Socket._writeGeneric (node:net:966:11)
    at Socket._write (node:net:978:8)
    at writeOrBuffer (node:internal/streams/writable:570:12)
    at _write (node:internal/streams/writable:499:10)
    at Writable.write (node:internal/streams/writable:508:10)
    at Console.log (/home/codespace/.npm/_npx/7750544ccf494d8b/node_modules/winston/lib/winston/transports/console.js:87:23)
    at Console._write (/home/codespace/.npm/_npx/7750544ccf494d8b/node_modules/winston-transport/modern.js:103:17)
    at doWrite (/home/codespace/.npm/_npx/7750544ccf494d8b/node_modules/winston-transport/node_modules/readable-stream/lib/_stream_writable.js:390:139)
[error] 
[error] Error: An unexpected error has occurred.
[info] i  tasks: Stopping Cloud Tasks Emulator {"metadata":{"emulator":{"name":"tasks"},"message":"Stopping Cloud Tasks Emulator"}}
[info] i  hub: Stopping emulator hub {"metadata":{"emulator":{"name":"hub"},"message":"Stopping emulator hub"}}
[info] i  logging: Stopping Logging Emulator {"metadata":{"emulator":{"name":"logging"},"message":"Stopping Logging Emulator"}}
[debug] [2026-08-28T03:37:18.587Z] Error: write EIO
    at afterWriteDispatched (node:internal/stream_base_commons:159:15)
    at writeGeneric (node:internal/stream_base_commons:150:3)
    at Socket._writeGeneric (node:net:966:11)
    at Socket._write (node:net:978:8)
    at writeOrBuffer (node:internal/streams/writable:570:12)
    at _write (node:internal/streams/writable:499:10)
    at Writable.write (node:internal/streams/writable:508:10)
    at Console.log (/home/codespace/.npm/_npx/7750544ccf494d8b/node_modules/winston/lib/winston/transports/console.js:87:23)
    at Console._write (/home/codespace/.npm/_npx/7750544ccf494d8b/node_modules/winston-transport/modern.js:103:17)
    at doWrite (/home/codespace/.npm/_npx/7750544ccf494d8b/node_modules/winston-transport/node_modules/readable-stream/lib/_stream_writable.js:390:139)
[error] 
[error] Error: An unexpected error has occurred.
[debug] [2026-08-28T03:37:18.589Z] Error: write EIO
    at afterWriteDispatched (node:internal/stream_base_commons:159:15)
    at writeGeneric (node:internal/stream_base_commons:150:3)
    at Socket._writeGeneric (node:net:966:11)
    at Socket._write (node:net:978:8)
    at writeOrBuffer (node:internal/streams/writable:570:12)
    at _write (node:internal/streams/writable:499:10)
    at Writable.write (node:internal/streams/writable:508:10)
    at Console.log (/home/codespace/.npm/_npx/7750544ccf494d8b/node_modules/winston/lib/winston/transports/console.js:87:23)
    at Console._write (/home/codespace/.npm/_npx/7750544ccf494d8b/node_modules/winston-transport/modern.js:103:17)
    at doWrite (/home/codespace/.npm/_npx/7750544ccf494d8b/node_modules/winston-transport/node_modules/readable-stream/lib/_stream_writable.js:390:139)
[error] 
[error] Error: An unexpected error has occurred.
[debug] [2026-08-28T03:37:18.590Z] Error: write EIO
    at afterWriteDispatched (node:internal/stream_base_commons:159:15)
    at writeGeneric (node:internal/stream_base_commons:150:3)
    at Socket._writeGeneric (node:net:966:11)
    at Socket._write (node:net:978:8)
    at writeOrBuffer (node:internal/streams/writable:570:12)
    at _write (node:internal/streams/writable:499:10)
    at Writable.write (node:internal/streams/writable:508:10)
    at Console.log (/home/codespace/.npm/_npx/7750544ccf494d8b/node_modules/winston/lib/winston/transports/console.js:87:23)
    at Console._write (/home/codespace/.npm/_npx/7750544ccf494d8b/node_modules/winston-transport/modern.js:103:17)
    at doWrite (/home/codespace/.npm/_npx/7750544ccf494d8b/node_modules/winston-transport/node_modules/readable-stream/lib/_stream_writable.js:390:139)
[error] 
[error] Error: An unexpected error has occurred.
[debug] [2026-08-28T03:37:18.590Z] Error: write EIO
    at afterWriteDispatched (node:internal/stream_base_commons:159:15)
    at writeGeneric (node:internal/stream_base_commons:150:3)
    at Socket._writeGeneric (node:net:966:11)
    at Socket._write (node:net:978:8)
    at writeOrBuffer (node:internal/streams/writable:570:12)
    at _write (node:internal/streams/writable:499:10)
    at Writable.write (node:internal/streams/writable:508:10)
    at Console.log (/home/codespace/.npm/_npx/7750544ccf494d8b/node_modules/winston/lib/winston/transports/console.js:87:23)
    at Console._write (/home/codespace/.npm/_npx/7750544ccf494d8b/node_modules/winston-transport/modern.js:103:17)
    at doWrite (/home/codespace/.npm/_npx/7750544ccf494d8b/node_modules/winston-transport/node_modules/readable-stream/lib/_stream_writable.js:390:139)
[error] 
[error] Error: An unexpected error has occurred.
[debug] [2026-08-28T03:37:18.590Z] Error: write EIO
    at afterWriteDispatched (node:internal/stream_base_commons:159:15)
    at writeGeneric (node:internal/stream_base_commons:150:3)
    at Socket._writeGeneric (node:net:966:11)
    at Socket._write (node:net:978:8)
    at writeOrBuffer (node:internal/streams/writable:570:12)
    at _write (node:internal/streams/writable:499:10)
    at Writable.write (node:internal/streams/writable:508:10)
    at Console.log (/home/codespace/.npm/_npx/7750544ccf494d8b/node_modules/winston/lib/winston/transports/console.js:87:23)
    at Console._write (/home/codespace/.npm/_npx/7750544ccf494d8b/node_modules/winston-transport/modern.js:103:17)
    at doWrite (/home/codespace/.npm/_npx/7750544ccf494d8b/node_modules/winston-transport/node_modules/readable-stream/lib/_stream_writable.js:390:139)
[error] 
[error] Error: An unexpected error has occurred.
[debug] [2026-08-28T03:37:18.590Z] Error: write EIO
    at afterWriteDispatched (node:internal/stream_base_commons:159:15)
    at writeGeneric (node:internal/stream_base_commons:150:3)
    at Socket._writeGeneric (node:net:966:11)
    at Socket._write (node:net:978:8)
    at writeOrBuffer (node:internal/streams/writable:570:12)
    at _write (node:internal/streams/writable:499:10)
    at Writable.write (node:internal/streams/writable:508:10)
    at Console.log (/home/codespace/.npm/_npx/7750544ccf494d8b/node_modules/winston/lib/winston/transports/console.js:87:23)
    at Console._write (/home/codespace/.npm/_npx/7750544ccf494d8b/node_modules/winston-transport/modern.js:103:17)
    at doWrite (/home/codespace/.npm/_npx/7750544ccf494d8b/node_modules/winston-transport/node_modules/readable-stream/lib/_stream_writable.js:390:139)
[error] 
[error] Error: An unexpected error has occurred.
[debug] [2026-08-28T03:37:18.591Z] Error: write EIO
    at afterWriteDispatched (node:internal/stream_base_commons:159:15)
    at writeGeneric (node:internal/stream_base_commons:150:3)
    at Socket._writeGeneric (node:net:966:11)
    at Socket._write (node:net:978:8)
    at writeOrBuffer (node:internal/streams/writable:570:12)
    at _write (node:internal/streams/writable:499:10)
    at Writable.write (node:internal/streams/writable:508:10)
    at Console.log (/home/codespace/.npm/_npx/7750544ccf494d8b/node_modules/winston/lib/winston/transports/console.js:87:23)
    at Console._write (/home/codespace/.npm/_npx/7750544ccf494d8b/node_modules/winston-transport/modern.js:103:17)
    at doWrite (/home/codespace/.npm/_npx/7750544ccf494d8b/node_modules/winston-transport/node_modules/readable-stream/lib/_stream_writable.js:390:139)
[error] 
[error] Error: An unexpected error has occurred.
[debug] [2026-08-28T03:37:18.591Z] Error: write EIO
    at afterWriteDispatched (node:internal/stream_base_commons:159:15)
    at writeGeneric (node:internal/stream_base_commons:150:3)
    at Socket._writeGeneric (node:net:966:11)
    at Socket._write (node:net:978:8)
    at writeOrBuffer (node:internal/streams/writable:570:12)
    at _write (node:internal/streams/writable:499:10)
    at Writable.write (node:internal/streams/writable:508:10)
    at Console.log (/home/codespace/.npm/_npx/7750544ccf494d8b/node_modules/winston/lib/winston/transports/console.js:87:23)
    at Console._write (/home/codespace/.npm/_npx/7750544ccf494d8b/node_modules/winston-transport/modern.js:103:17)
    at doWrite (/home/codespace/.npm/_npx/7750544ccf494d8b/node_modules/winston-transport/node_modules/readable-stream/lib/_stream_writable.js:390:139)
[error] 
[error] Error: An unexpected error has occurred.
[debug] [2026-08-28T03:37:18.591Z] Error: write EIO
    at afterWriteDispatched (node:internal/stream_base_commons:159:15)
    at writeGeneric (node:internal/stream_base_commons:150:3)
    at Socket._writeGeneric (node:net:966:11)
    at Socket._write (node:net:978:8)
    at writeOrBuffer (node:internal/streams/writable:570:12)
    at _write (node:internal/streams/writable:499:10)
    at Writable.write (node:internal/streams/writable:508:10)
    at Console.log (/home/codespace/.npm/_npx/7750544ccf494d8b/node_modules/winston/lib/winston/transports/console.js:87:23)
    at Console._write (/home/codespace/.npm/_npx/7750544ccf494d8b/node_modules/winston-transport/modern.js:103:17)
    at doWrite (/home/codespace/.npm/_npx/7750544ccf494d8b/node_modules/winston-transport/node_modules/readable-stream/lib/_stream_writable.js:390:139)
[error] 
[error] Error: An unexpected error has occurred.
[debug] [2026-08-28T03:37:18.591Z] Error: write EIO
    at afterWriteDispatched (node:internal/stream_base_commons:159:15)
    at writeGeneric (node:internal/stream_base_commons:150:3)
    at Socket._writeGeneric (node:net:966:11)
    at Socket._write (node:net:978:8)
    at writeOrBuffer (node:internal/streams/writable:570:12)
    at _write (node:internal/streams/writable:499:10)
    at Writable.write (node:internal/streams/writable:508:10)
    at Console.log (/home/codespace/.npm/_npx/7750544ccf494d8b/node_modules/winston/lib/winston/transports/console.js:87:23)
    at Console._write (/home/codespace/.npm/_npx/7750544ccf494d8b/node_modules/winston-transport/modern.js:103:17)
    at doWrite (/home/codespace/.npm/_npx/7750544ccf494d8b/node_modules/winston-transport/node_modules/readable-stream/lib/_stream_writable.js:390:139)
[error] 
[error] Error: An unexpected error has occurred.
[debug] [2026-08-28T03:37:18.592Z] Error: write EIO
    at afterWriteDispatched (node:internal/stream_base_commons:159:15)
    at writeGeneric (node:internal/stream_base_commons:150:3)
    at Socket._writeGeneric (node:net:966:11)
    at Socket._write (node:net:978:8)
    at writeOrBuffer (node:internal/streams/writable:570:12)
    at _write (node:internal/streams/writable:499:10)
    at Writable.write (node:internal/streams/writable:508:10)
    at Console.log (/home/codespace/.npm/_npx/7750544ccf494d8b/node_modules/winston/lib/winston/transports/console.js:87:23)
    at Console._write (/home/codespace/.npm/_npx/7750544ccf494d8b/node_modules/winston-transport/modern.js:103:17)
    at doWrite (/home/codespace/.npm/_npx/7750544ccf494d8b/node_modules/winston-transport/node_modules/readable-stream/lib/_stream_writable.js:390:139)
[error] 
[error] Error: An unexpected error has occurred.
[debug] [2026-08-28T03:37:18.592Z] Error: write EIO
    at afterWriteDispatched (node:internal/stream_base_commons:159:15)
    at writeGeneric (node:internal/stream_base_commons:150:3)
    at Socket._writeGeneric (node:net:966:11)
    at Socket._write (node:net:978:8)
    at writeOrBuffer (node:internal/streams/writable:570:12)
    at _write (node:internal/streams/writable:499:10)
    at Writable.write (node:internal/streams/writable:508:10)
    at Console.log (/home/codespace/.npm/_npx/7750544ccf494d8b/node_modules/winston/lib/winston/transports/console.js:87:23)
    at Console._write (/home/codespace/.npm/_npx/7750544ccf494d8b/node_modules/winston-transport/modern.js:103:17)
    at doWrite (/home/codespace/.npm/_npx/7750544ccf494d8b/node_modules/winston-transport/node_modules/readable-stream/lib/_stream_writable.js:390:139)
[error] 
[error] Error: An unexpected error has occurred.
[debug] [2026-08-28T03:37:18.592Z] Error: write EIO
    at afterWriteDispatched (node:internal/stream_base_commons:159:15)
    at writeGeneric (node:internal/stream_base_commons:150:3)
    at Socket._writeGeneric (node:net:966:11)
    at Socket._write (node:net:978:8)
    at writeOrBuffer (node:internal/streams/writable:570:12)
    at _write (node:internal/streams/writable:499:10)
    at Writable.write (node:internal/streams/writable:508:10)
    at Console.log (/home/codespace/.npm/_npx/7750544ccf494d8b/node_modules/winston/lib/winston/transports/console.js:87:23)
    at Console._write (/home/codespace/.npm/_npx/7750544ccf494d8b/node_modules/winston-transport/modern.js:103:17)
    at doWrite (/home/codespace/.npm/_npx/7750544ccf494d8b/node_modules/winston-transport/node_modules/readable-stream/lib/_stream_writable.js:390:139)
[error] 
[error] Error: An unexpected error has occurred.
[debug] [2026-08-28T03:37:18.592Z] Error: write EIO
    at afterWriteDispatched (node:internal/stream_base_commons:159:15)
    at writeGeneric (node:internal/stream_base_commons:150:3)
    at Socket._writeGeneric (node:net:966:11)
    at Socket._write (node:net:978:8)
    at writeOrBuffer (node:internal/streams/writable:570:12)
    at _write (node:internal/streams/writable:499:10)
    at Writable.write (node:internal/streams/writable:508:10)
    at Console.log (/home/codespace/.npm/_npx/7750544ccf494d8b/node_modules/winston/lib/winston/transports/console.js:87:23)
    at Console._write (/home/codespace/.npm/_npx/7750544ccf494d8b/node_modules/winston-transport/modern.js:103:17)
    at doWrite (/home/codespace/.npm/_npx/7750544ccf494d8b/node_modules/winston-transport/node_modules/readable-stream/lib/_stream_writable.js:390:139)
[error] 
[error] Error: An unexpected error has occurred.
[debug] [2026-08-28T03:37:18.593Z] Error: write EIO
    at afterWriteDispatched (node:internal/stream_base_commons:159:15)
    at writeGeneric (node:internal/stream_base_commons:150:3)
    at Socket._writeGeneric (node:net:966:11)
    at Socket._write (node:net:978:8)
    at writeOrBuffer (node:internal/streams/writable:570:12)
    at _write (node:internal/streams/writable:499:10)
    at Writable.write (node:internal/streams/writable:508:10)
    at Console.log (/home/codespace/.npm/_npx/7750544ccf494d8b/node_modules/winston/lib/winston/transports/console.js:87:23)
    at Console._write (/home/codespace/.npm/_npx/7750544ccf494d8b/node_modules/winston-transport/modern.js:103:17)
    at doWrite (/home/codespace/.npm/_npx/7750544ccf494d8b/node_modules/winston-transport/node_modules/readable-stream/lib/_stream_writable.js:390:139)
[error] 
[error] Error: An unexpected error has occurred.
[debug] [2026-08-28T03:37:18.593Z] Error: write EIO
    at afterWriteDispatched (node:internal/stream_base_commons:159:15)
    at writeGeneric (node:internal/stream_base_commons:150:3)
    at Socket._writeGeneric (node:net:966:11)
    at Socket._write (node:net:978:8)
    at writeOrBuffer (node:internal/streams/writable:570:12)
    at _write (node:internal/streams/writable:499:10)
    at Writable.write (node:internal/streams/writable:508:10)
    at Console.log (/home/codespace/.npm/_npx/7750544ccf494d8b/node_modules/winston/lib/winston/transports/console.js:87:23)
    at Console._write (/home/codespace/.npm/_npx/7750544ccf494d8b/node_modules/winston-transport/modern.js:103:17)
    at doWrite (/home/codespace/.npm/_npx/7750544ccf494d8b/node_modules/winston-transport/node_modules/readable-stream/lib/_stream_writable.js:390:139)
[error] 
[error] Error: An unexpected error has occurred.
[debug] [2026-08-28T03:37:18.593Z] Error: write EIO
    at afterWriteDispatched (node:internal/stream_base_commons:159:15)
    at writeGeneric (node:internal/stream_base_commons:150:3)
    at Socket._writeGeneric (node:net:966:11)
    at Socket._write (node:net:978:8)
    at writeOrBuffer (node:internal/streams/writable:570:12)
    at _write (node:internal/streams/writable:499:10)
    at Writable.write (node:internal/streams/writable:508:10)
    at Console.log (/home/codespace/.npm/_npx/7750544ccf494d8b/node_modules/winston/lib/winston/transports/console.js:87:23)
    at Console._write (/home/codespace/.npm/_npx/7750544ccf494d8b/node_modules/winston-transport/modern.js:103:17)
    at doWrite (/home/codespace/.npm/_npx/7750544ccf494d8b/node_modules/winston-transport/node_modules/readable-stream/lib/_stream_writable.js:390:139)
[error] 
[error] Error: An unexpected error has occurred.
[debug] [2026-08-28T03:37:18.594Z] Error: write EIO
    at afterWriteDispatched (node:internal/stream_base_commons:159:15)
    at writeGeneric (node:internal/stream_base_commons:150:3)
    at Socket._writeGeneric (node:net:966:11)
    at Socket._write (node:net:978:8)
    at writeOrBuffer (node:internal/streams/writable:570:12)
    at _write (node:internal/streams/writable:499:10)
    at Writable.write (node:internal/streams/writable:508:10)
    at Console.log (/home/codespace/.npm/_npx/7750544ccf494d8b/node_modules/winston/lib/winston/transports/console.js:87:23)
    at Console._write (/home/codespace/.npm/_npx/7750544ccf494d8b/node_modules/winston-transport/modern.js:103:17)
    at doWrite (/home/codespace/.npm/_npx/7750544ccf494d8b/node_modules/winston-transport/node_modules/readable-stream/lib/_stream_writable.js:390:139)
[error] 
[error] Error: An unexpected error has occurred.
[debug] [2026-08-28T03:37:18.594Z] Error: write EIO
    at afterWriteDispatched (node:internal/stream_base_commons:159:15)
    at writeGeneric (node:internal/stream_base_commons:150:3)
    at Socket._writeGeneric (node:net:966:11)
    at Socket._write (node:net:978:8)
    at writeOrBuffer (node:internal/streams/writable:570:12)
    at _write (node:internal/streams/writable:499:10)
    at Writable.write (node:internal/streams/writable:508:10)
    at Console.log (/home/codespace/.npm/_npx/7750544ccf494d8b/node_modules/winston/lib/winston/transports/console.js:87:23)
    at Console._write (/home/codespace/.npm/_npx/7750544ccf494d8b/node_modules/winston-transport/modern.js:103:17)
    at doWrite (/home/codespace/.npm/_npx/7750544ccf494d8b/node_modules/winston-transport/node_modules/readable-stream/lib/_stream_writable.js:390:139)
[error] 
[error] Error: An unexpected error has occurred.
[debug] [2026-08-28T03:37:18.594Z] Error: write EIO
    at afterWriteDispatched (node:internal/stream_base_commons:159:15)
    at writeGeneric (node:internal/stream_base_commons:150:3)
    at Socket._writeGeneric (node:net:966:11)
    at Socket._write (node:net:978:8)
    at writeOrBuffer (node:internal/streams/writable:570:12)
    at _write (node:internal/streams/writable:499:10)
    at Writable.write (node:internal/streams/writable:508:10)
    at Console.log (/home/codespace/.npm/_npx/7750544ccf494d8b/node_modules/winston/lib/winston/transports/console.js:87:23)
    at Console._write (/home/codespace/.npm/_npx/7750544ccf494d8b/node_modules/winston-transport/modern.js:103:17)
    at doWrite (/home/codespace/.npm/_npx/7750544ccf494d8b/node_modules/winston-transport/node_modules/readable-stream/lib/_stream_writable.js:390:139)
[error] 
[error] Error: An unexpected error has occurred.
[debug] [2026-08-28T03:37:18.594Z] Error: write EIO
    at afterWriteDispatched (node:internal/stream_base_commons:159:15)
    at writeGeneric (node:internal/stream_base_commons:150:3)
    at Socket._writeGeneric (node:net:966:11)
    at Socket._write (node:net:978:8)
    at writeOrBuffer (node:internal/streams/writable:570:12)
    at _write (node:internal/streams/writable:499:10)
    at Writable.write (node:internal/streams/writable:508:10)
    at Console.log (/home/codespace/.npm/_npx/7750544ccf494d8b/node_modules/winston/lib/winston/transports/console.js:87:23)
    at Console._write (/home/codespace/.npm/_npx/7750544ccf494d8b/node_modules/winston-transport/modern.js:103:17)
    at doWrite (/home/codespace/.npm/_npx/7750544ccf494d8b/node_modules/winston-transport/node_modules/readable-stream/lib/_stream_writable.js:390:139)
[error] 
[error] Error: An unexpected error has occurred.
[debug] [2026-08-28T03:37:18.595Z] Error: write EIO
    at afterWriteDispatched (node:internal/stream_base_commons:159:15)
    at writeGeneric (node:internal/stream_base_commons:150:3)
    at Socket._writeGeneric (node:net:966:11)
    at Socket._write (node:net:978:8)
    at writeOrBuffer (node:internal/streams/writable:570:12)
    at _write (node:internal/streams/writable:499:10)
    at Writable.write (node:internal/streams/writable:508:10)
    at Console.log (/home/codespace/.npm/_npx/7750544ccf494d8b/node_modules/winston/lib/winston/transports/console.js:87:23)
    at Console._write (/home/codespace/.npm/_npx/7750544ccf494d8b/node_modules/winston-transport/modern.js:103:17)
    at doWrite (/home/codespace/.npm/_npx/7750544ccf494d8b/node_modules/winston-transport/node_modules/readable-stream/lib/_stream_writable.js:390:139)
[error] 
[error] Error: An unexpected error has occurred.
[debug] [2026-08-28T03:37:18.595Z] Error: write EIO
    at afterWriteDispatched (node:internal/stream_base_commons:159:15)
    at writeGeneric (node:internal/stream_base_commons:150:3)
    at Socket._writeGeneric (node:net:966:11)
    at Socket._write (node:net:978:8)
    at writeOrBuffer (node:internal/streams/writable:570:12)
    at _write (node:internal/streams/writable:499:10)
    at Writable.write (node:internal/streams/writable:508:10)
    at Console.log (/home/codespace/.npm/_npx/7750544ccf494d8b/node_modules/winston/lib/winston/transports/console.js:87:23)
    at Console._write (/home/codespace/.npm/_npx/7750544ccf494d8b/node_modules/winston-transport/modern.js:103:17)
    at doWrite (/home/codespace/.npm/_npx/7750544ccf494d8b/node_modules/winston-transport/node_modules/readable-stream/lib/_stream_writable.js:390:139)
[error] 
[error] Error: An unexpected error has occurred.
[debug] [2026-08-28T03:37:18.595Z] Error: write EIO
    at afterWriteDispatched (node:internal/stream_base_commons:159:15)
    at writeGeneric (node:internal/stream_base_commons:150:3)
    at Socket._writeGeneric (node:net:966:11)
    at Socket._write (node:net:978:8)
    at writeOrBuffer (node:internal/streams/writable:570:12)
    at _write (node:internal/streams/writable:499:10)
    at Writable.write (node:internal/streams/writable:508:10)
    at Console.log (/home/codespace/.npm/_npx/7750544ccf494d8b/node_modules/winston/lib/winston/transports/console.js:87:23)
    at Console._write (/home/codespace/.npm/_npx/7750544ccf494d8b/node_modules/winston-transport/modern.js:103:17)
    at doWrite (/home/codespace/.npm/_npx/7750544ccf494d8b/node_modules/winston-transport/node_modules/readable-stream/lib/_stream_writable.js:390:139)
[error] 
[error] Error: An unexpected error has occurred.
[debug] [2026-08-28T03:37:18.595Z] Error: write EIO
    at afterWriteDispatched (node:internal/stream_base_commons:159:15)
    at writeGeneric (node:internal/stream_base_commons:150:3)
    at Socket._writeGeneric (node:net:966:11)
    at Socket._write (node:net:978:8)
    at writeOrBuffer (node:internal/streams/writable:570:12)
    at _write (node:internal/streams/writable:499:10)
    at Writable.write (node:internal/streams/writable:508:10)
    at Console.log (/home/codespace/.npm/_npx/7750544ccf494d8b/node_modules/winston/lib/winston/transports/console.js:87:23)
    at Console._write (/home/codespace/.npm/_npx/7750544ccf494d8b/node_modules/winston-transport/modern.js:103:17)
    at doWrite (/home/codespace/.npm/_npx/7750544ccf494d8b/node_modules/winston-transport/node_modules/readable-stream/lib/_stream_writable.js:390:139)
[error] 
[error] Error: An unexpected error has occurred.
[debug] [2026-08-28T03:37:18.596Z] Error: write EIO
    at afterWriteDispatched (node:internal/stream_base_commons:159:15)
    at writeGeneric (node:internal/stream_base_commons:150:3)
    at Socket._writeGeneric (node:net:966:11)
    at Socket._write (node:net:978:8)
    at writeOrBuffer (node:internal/streams/writable:570:12)
    at _write (node:internal/streams/writable:499:10)
    at Writable.write (node:internal/streams/writable:508:10)
    at Console.log (/home/codespace/.npm/_npx/7750544ccf494d8b/node_modules/winston/lib/winston/transports/console.js:87:23)
    at Console._write (/home/codespace/.npm/_npx/7750544ccf494d8b/node_modules/winston-transport/modern.js:103:17)
    at doWrite (/home/codespace/.npm/_npx/7750544ccf494d8b/node_modules/winston-transport/node_modules/readable-stream/lib/_stream_writable.js:390:139)
[error] 
[error] Error: An unexpected error has occurred.
[debug] [2026-08-28T03:37:18.596Z] Error: write EIO
    at afterWriteDispatched (node:internal/stream_base_commons:159:15)
    at writeGeneric (node:internal/stream_base_commons:150:3)
    at Socket._writeGeneric (node:net:966:11)
    at Socket._write (node:net:978:8)
    at writeOrBuffer (node:internal/streams/writable:570:12)
    at _write (node:internal/streams/writable:499:10)
    at Writable.write (node:internal/streams/writable:508:10)
    at Console.log (/home/codespace/.npm/_npx/7750544ccf494d8b/node_modules/winston/lib/winston/transports/console.js:87:23)
    at Console._write (/home/codespace/.npm/_npx/7750544ccf494d8b/node_modules/winston-transport/modern.js:103:17)
    at doWrite (/home/codespace/.npm/_npx/7750544ccf494d8b/node_modules/winston-transport/node_modules/readable-stream/lib/_stream_writable.js:390:139)
[error] 
[error] Error: An unexpected error has occurred.
[debug] [2026-08-28T03:37:18.596Z] Error: write EIO
    at afterWriteDispatched (node:internal/stream_base_commons:159:15)
    at writeGeneric (node:internal/stream_base_commons:150:3)
    at Socket._writeGeneric (node:net:966:11)
    at Socket._write (node:net:978:8)
    at writeOrBuffer (node:internal/streams/writable:570:12)
    at _write (node:internal/streams/writable:499:10)
    at Writable.write (node:internal/streams/writable:508:10)
    at Console.log (/home/codespace/.npm/_npx/7750544ccf494d8b/node_modules/winston/lib/winston/transports/console.js:87:23)
    at Console._write (/home/codespace/.npm/_npx/7750544ccf494d8b/node_modules/winston-transport/modern.js:103:17)
    at doWrite (/home/codespace/.npm/_npx/7750544ccf494d8b/node_modules/winston-transport/node_modules/readable-stream/lib/_stream_writable.js:390:139)
[error] 
[error] Error: An unexpected error has occurred.
[debug] [2026-08-28T03:37:18.596Z] Error: write EIO
    at afterWriteDispatched (node:internal/stream_base_commons:159:15)
    at writeGeneric (node:internal/stream_base_commons:150:3)
    at Socket._writeGeneric (node:net:966:11)
    at Socket._write (node:net:978:8)
    at writeOrBuffer (node:internal/streams/writable:570:12)
    at _write (node:internal/streams/writable:499:10)
    at Writable.write (node:internal/streams/writable:508:10)
    at Console.log (/home/codespace/.npm/_npx/7750544ccf494d8b/node_modules/winston/lib/winston/transports/console.js:87:23)
    at Console._write (/home/codespace/.npm/_npx/7750544ccf494d8b/node_modules/winston-transport/modern.js:103:17)
    at doWrite (/home/codespace/.npm/_npx/7750544ccf494d8b/node_modules/winston-transport/node_modules/readable-stream/lib/_stream_writable.js:390:139)
[error] 
[error] Error: An unexpected error has occurred.
[debug] [2026-08-28T03:37:18.596Z] Error: write EIO
    at afterWriteDispatched (node:internal/stream_base_commons:159:15)
    at writeGeneric (node:internal/stream_base_commons:150:3)
    at Socket._writeGeneric (node:net:966:11)
    at Socket._write (node:net:978:8)
    at writeOrBuffer (node:internal/streams/writable:570:12)
    at _write (node:internal/streams/writable:499:10)
    at Writable.write (node:internal/streams/writable:508:10)
    at Console.log (/home/codespace/.npm/_npx/7750544ccf494d8b/node_modules/winston/lib/winston/transports/console.js:87:23)
    at Console._write (/home/codespace/.npm/_npx/7750544ccf494d8b/node_modules/winston-transport/modern.js:103:17)
    at doWrite (/home/codespace/.npm/_npx/7750544ccf494d8b/node_modules/winston-transport/node_modules/readable-stream/lib/_stream_writable.js:390:139)
[error] 
[error] Error: An unexpected error has occurred.
[debug] [2026-08-28T03:37:18.597Z] Error: write EIO
    at afterWriteDispatched (node:internal/stream_base_commons:159:15)
    at writeGeneric (node:internal/stream_base_commons:150:3)
    at Socket._writeGeneric (node:net:966:11)
    at Socket._write (node:net:978:8)
    at writeOrBuffer (node:internal/streams/writable:570:12)
    at _write (node:internal/streams/writable:499:10)
    at Writable.write (node:internal/streams/writable:508:10)
    at Console.log (/home/codespace/.npm/_npx/7750544ccf494d8b/node_modules/winston/lib/winston/transports/console.js:87:23)
    at Console._write (/home/codespace/.npm/_npx/7750544ccf494d8b/node_modules/winston-transport/modern.js:103:17)
    at doWrite (/home/codespace/.npm/_npx/7750544ccf494d8b/node_modules/winston-transport/node_modules/readable-stream/lib/_stream_writable.js:390:139)
[error] 
[error] Error: An unexpected error has occurred.
[debug] [2026-08-28T03:37:18.597Z] Error: write EIO
    at afterWriteDispatched (node:internal/stream_base_commons:159:15)
    at writeGeneric (node:internal/stream_base_commons:150:3)
    at Socket._writeGeneric (node:net:966:11)
    at Socket._write (node:net:978:8)
    at writeOrBuffer (node:internal/streams/writable:570:12)
    at _write (node:internal/streams/writable:499:10)
    at Writable.write (node:internal/streams/writable:508:10)
    at Console.log (/home/codespace/.npm/_npx/7750544ccf494d8b/node_modules/winston/lib/winston/transports/console.js:87:23)
    at Console._write (/home/codespace/.npm/_npx/7750544ccf494d8b/node_modules/winston-transport/modern.js:103:17)
    at doWrite (/home/codespace/.npm/_npx/7750544ccf494d8b/node_modules/winston-transport/node_modules/readable-stream/lib/_stream_writable.js:390:139)
[error] 
[error] Error: An unexpected error has occurred.
[debug] [2026-08-28T03:37:18.597Z] Error: write EIO
    at afterWriteDispatched (node:internal/stream_base_commons:159:15)
    at writeGeneric (node:internal/stream_base_commons:150:3)
    at Socket._writeGeneric (node:net:966:11)
    at Socket._write (node:net:978:8)
    at writeOrBuffer (node:internal/streams/writable:570:12)
    at _write (node:internal/streams/writable:499:10)
    at Writable.write (node:internal/streams/writable:508:10)
    at Console.log (/home/codespace/.npm/_npx/7750544ccf494d8b/node_modules/winston/lib/winston/transports/console.js:87:23)
    at Console._write (/home/codespace/.npm/_npx/7750544ccf494d8b/node_modules/winston-transport/modern.js:103:17)
    at doWrite (/home/codespace/.npm/_npx/7750544ccf494d8b/node_modules/winston-transport/node_modules/readable-stream/lib/_stream_writable.js:390:139)
[error] 
[error] Error: An unexpected error has occurred.
[debug] [2026-08-28T03:37:18.598Z] Error: write EIO
    at afterWriteDispatched (node:internal/stream_base_commons:159:15)
    at writeGeneric (node:internal/stream_base_commons:150:3)
    at Socket._writeGeneric (node:net:966:11)
    at Socket._write (node:net:978:8)
    at writeOrBuffer (node:internal/streams/writable:570:12)
    at _write (node:internal/streams/writable:499:10)
    at Writable.write (node:internal/streams/writable:508:10)
    at Console.log (/home/codespace/.npm/_npx/7750544ccf494d8b/node_modules/winston/lib/winston/transports/console.js:87:23)
    at Console._write (/home/codespace/.npm/_npx/7750544ccf494d8b/node_modules/winston-transport/modern.js:103:17)
    at doWrite (/home/codespace/.npm/_npx/7750544ccf494d8b/node_modules/winston-transport/node_modules/readable-stream/lib/_stream_writable.js:390:139)
[error] 
[error] Error: An unexpected error has occurred.
[debug] [2026-08-28T03:37:18.598Z] Error: write EIO
    at afterWriteDispatched (node:internal/stream_base_commons:159:15)
    at writeGeneric (node:internal/stream_base_commons:150:3)
    at Socket._writeGeneric (node:net:966:11)
    at Socket._write (node:net:978:8)
    at writeOrBuffer (node:internal/streams/writable:570:12)
    at _write (node:internal/streams/writable:499:10)
    at Writable.write (node:internal/streams/writable:508:10)
    at Console.log (/home/codespace/.npm/_npx/7750544ccf494d8b/node_modules/winston/lib/winston/transports/console.js:87:23)
    at Console._write (/home/codespace/.npm/_npx/7750544ccf494d8b/node_modules/winston-transport/modern.js:103:17)
    at doWrite (/home/codespace/.npm/_npx/7750544ccf494d8b/node_modules/winston-transport/node_modules/readable-stream/lib/_stream_writable.js:390:139)
[error] 
[error] Error: An unexpected error has occurred.
[debug] [2026-08-28T03:37:18.598Z] Error: write EIO
    at afterWriteDispatched (node:internal/stream_base_commons:159:15)
    at writeGeneric (node:internal/stream_base_commons:150:3)
    at Socket._writeGeneric (node:net:966:11)
    at Socket._write (node:net:978:8)
    at writeOrBuffer (node:internal/streams/writable:570:12)
    at _write (node:internal/streams/writable:499:10)
    at Writable.write (node:internal/streams/writable:508:10)
    at Console.log (/home/codespace/.npm/_npx/7750544ccf494d8b/node_modules/winston/lib/winston/transports/console.js:87:23)
    at Console._write (/home/codespace/.npm/_npx/7750544ccf494d8b/node_modules/winston-transport/modern.js:103:17)
    at doWrite (/home/codespace/.npm/_npx/7750544ccf494d8b/node_modules/winston-transport/node_modules/readable-stream/lib/_stream_writable.js:390:139)
[error] 
[error] Error: An unexpected error has occurred.
[debug] [2026-08-28T03:37:18.598Z] Error: write EIO
    at afterWriteDispatched (node:internal/stream_base_commons:159:15)
    at writeGeneric (node:internal/stream_base_commons:150:3)
    at Socket._writeGeneric (node:net:966:11)
    at Socket._write (node:net:978:8)
    at writeOrBuffer (node:internal/streams/writable:570:12)
    at _write (node:internal/streams/writable:499:10)
    at Writable.write (node:internal/streams/writable:508:10)
    at Console.log (/home/codespace/.npm/_npx/7750544ccf494d8b/node_modules/winston/lib/winston/transports/console.js:87:23)
    at Console._write (/home/codespace/.npm/_npx/7750544ccf494d8b/node_modules/winston-transport/modern.js:103:17)
    at doWrite (/home/codespace/.npm/_npx/7750544ccf494d8b/node_modules/winston-transport/node_modules/readable-stream/lib/_stream_writable.js:390:139)
[error] 
[error] Error: An unexpected error has occurred.
[debug] [2026-08-28T03:37:18.600Z] Error: write EIO
    at afterWriteDispatched (node:internal/stream_base_commons:159:15)
    at writeGeneric (node:internal/stream_base_commons:150:3)
    at Socket._writeGeneric (node:net:966:11)
    at Socket._write (node:net:978:8)
    at writeOrBuffer (node:internal/streams/writable:570:12)
    at _write (node:internal/streams/writable:499:10)
    at Writable.write (node:internal/streams/writable:508:10)
    at Console.log (/home/codespace/.npm/_npx/7750544ccf494d8b/node_modules/winston/lib/winston/transports/console.js:87:23)
    at Console._write (/home/codespace/.npm/_npx/7750544ccf494d8b/node_modules/winston-transport/modern.js:103:17)
    at doWrite (/home/codespace/.npm/_npx/7750544ccf494d8b/node_modules/winston-transport/node_modules/readable-stream/lib/_stream_writable.js:390:139)
[error] 
[error] Error: An unexpected error has occurred.
[debug] [2026-08-28T03:37:18.600Z] Error: write EIO
    at afterWriteDispatched (node:internal/stream_base_commons:159:15)
    at writeGeneric (node:internal/stream_base_commons:150:3)
    at Socket._writeGeneric (node:net:966:11)
    at Socket._write (node:net:978:8)
    at writeOrBuffer (node:internal/streams/writable:570:12)
    at _write (node:internal/streams/writable:499:10)
    at Writable.write (node:internal/streams/writable:508:10)
    at Console.log (/home/codespace/.npm/_npx/7750544ccf494d8b/node_modules/winston/lib/winston/transports/console.js:87:23)
    at Console._write (/home/codespace/.npm/_npx/7750544ccf494d8b/node_modules/winston-transport/modern.js:103:17)
    at doWrite (/home/codespace/.npm/_npx/7750544ccf494d8b/node_modules/winston-transport/node_modules/readable-stream/lib/_stream_writable.js:390:139)
[error] 
[error] Error: An unexpected error has occurred.
[debug] [2026-08-28T03:37:18.600Z] Error: write EIO
    at afterWriteDispatched (node:internal/stream_base_commons:159:15)
    at writeGeneric (node:internal/stream_base_commons:150:3)
    at Socket._writeGeneric (node:net:966:11)
    at Socket._write (node:net:978:8)
    at writeOrBuffer (node:internal/streams/writable:570:12)
    at _write (node:internal/streams/writable:499:10)
    at Writable.write (node:internal/streams/writable:508:10)
    at Console.log (/home/codespace/.npm/_npx/7750544ccf494d8b/node_modules/winston/lib/winston/transports/console.js:87:23)
    at Console._write (/home/codespace/.npm/_npx/7750544ccf494d8b/node_modules/winston-transport/modern.js:103:17)
    at doWrite (/home/codespace/.npm/_npx/7750544ccf494d8b/node_modules/winston-transport/node_modules/readable-stream/lib/_stream_writable.js:390:139)
[error] 
[error] Error: An unexpected error has occurred.
[debug] [2026-08-28T03:37:18.600Z] Error: write EIO
    at afterWriteDispatched (node:internal/stream_base_commons:159:15)
    at writeGeneric (node:internal/stream_base_commons:150:3)
    at Socket._writeGeneric (node:net:966:11)
    at Socket._write (node:net:978:8)
    at writeOrBuffer (node:internal/streams/writable:570:12)
    at _write (node:internal/streams/writable:499:10)
    at Writable.write (node:internal/streams/writable:508:10)
    at Console.log (/home/codespace/.npm/_npx/7750544ccf494d8b/node_modules/winston/lib/winston/transports/console.js:87:23)
    at Console._write (/home/codespace/.npm/_npx/7750544ccf494d8b/node_modules/winston-transport/modern.js:103:17)
    at doWrite (/home/codespace/.npm/_npx/7750544ccf494d8b/node_modules/winston-transport/node_modules/readable-stream/lib/_stream_writable.js:390:139)
[error] 
[error] Error: An unexpected error has occurred.
[debug] [2026-08-28T03:37:18.600Z] Error: write EIO
    at afterWriteDispatched (node:internal/stream_base_commons:159:15)
    at writeGeneric (node:internal/stream_base_commons:150:3)
    at Socket._writeGeneric (node:net:966:11)
    at Socket._write (node:net:978:8)
    at writeOrBuffer (node:internal/streams/writable:570:12)
    at _write (node:internal/streams/writable:499:10)
    at Writable.write (node:internal/streams/writable:508:10)
    at Console.log (/home/codespace/.npm/_npx/7750544ccf494d8b/node_modules/winston/lib/winston/transports/console.js:87:23)
    at Console._write (/home/codespace/.npm/_npx/7750544ccf494d8b/node_modules/winston-transport/modern.js:103:17)
    at doWrite (/home/codespace/.npm/_npx/7750544ccf494d8b/node_modules/winston-transport/node_modules/readable-stream/lib/_stream_writable.js:390:139)
[error] 
[error] Error: An unexpected error has occurred.
[debug] [2026-08-28T03:37:18.601Z] Error: write EIO
    at afterWriteDispatched (node:internal/stream_base_commons:159:15)
    at writeGeneric (node:internal/stream_base_commons:150:3)
    at Socket._writeGeneric (node:net:966:11)
    at Socket._write (node:net:978:8)
    at writeOrBuffer (node:internal/streams/writable:570:12)
    at _write (node:internal/streams/writable:499:10)
    at Writable.write (node:internal/streams/writable:508:10)
    at Console.log (/home/codespace/.npm/_npx/7750544ccf494d8b/node_modules/winston/lib/winston/transports/console.js:87:23)
    at Console._write (/home/codespace/.npm/_npx/7750544ccf494d8b/node_modules/winston-transport/modern.js:103:17)
    at doWrite (/home/codespace/.npm/_npx/7750544ccf494d8b/node_modules/winston-transport/node_modules/readable-stream/lib/_stream_writable.js:390:139)
[error] 
[error] Error: An unexpected error has occurred.
[debug] [2026-08-28T03:37:18.601Z] Error: write EIO
    at afterWriteDispatched (node:internal/stream_base_commons:159:15)
    at writeGeneric (node:internal/stream_base_commons:150:3)
    at Socket._writeGeneric (node:net:966:11)
    at Socket._write (node:net:978:8)
    at writeOrBuffer (node:internal/streams/writable:570:12)
    at _write (node:internal/streams/writable:499:10)
    at Writable.write (node:internal/streams/writable:508:10)
    at Console.log (/home/codespace/.npm/_npx/7750544ccf494d8b/node_modules/winston/lib/winston/transports/console.js:87:23)
    at Console._write (/home/codespace/.npm/_npx/7750544ccf494d8b/node_modules/winston-transport/modern.js:103:17)
    at doWrite (/home/codespace/.npm/_npx/7750544ccf494d8b/node_modules/winston-transport/node_modules/readable-stream/lib/_stream_writable.js:390:139)
[error] 
[error] Error: An unexpected error has occurred.
[debug] [2026-08-28T03:37:18.601Z] Error: write EIO
    at afterWriteDispatched (node:internal/stream_base_commons:159:15)
    at writeGeneric (node:internal/stream_base_commons:150:3)
    at Socket._writeGeneric (node:net:966:11)
    at Socket._write (node:net:978:8)
    at writeOrBuffer (node:internal/streams/writable:570:12)
    at _write (node:internal/streams/writable:499:10)
    at Writable.write (node:internal/streams/writable:508:10)
    at Console.log (/home/codespace/.npm/_npx/7750544ccf494d8b/node_modules/winston/lib/winston/transports/console.js:87:23)
    at Console._write (/home/codespace/.npm/_npx/7750544ccf494d8b/node_modules/winston-transport/modern.js:103:17)
    at doWrite (/home/codespace/.npm/_npx/7750544ccf494d8b/node_modules/winston-transport/node_modules/readable-stream/lib/_stream_writable.js:390:139)
[error] 
[error] Error: An unexpected error has occurred.
[debug] [2026-08-28T03:37:18.601Z] Error: write EIO
    at afterWriteDispatched (node:internal/stream_base_commons:159:15)
    at writeGeneric (node:internal/stream_base_commons:150:3)
    at Socket._writeGeneric (node:net:966:11)
    at Socket._write (node:net:978:8)
    at writeOrBuffer (node:internal/streams/writable:570:12)
    at _write (node:internal/streams/writable:499:10)
    at Writable.write (node:internal/streams/writable:508:10)
    at Console.log (/home/codespace/.npm/_npx/7750544ccf494d8b/node_modules/winston/lib/winston/transports/console.js:87:23)
    at Console._write (/home/codespace/.npm/_npx/7750544ccf494d8b/node_modules/winston-transport/modern.js:103:17)
    at doWrite (/home/codespace/.npm/_npx/7750544ccf494d8b/node_modules/winston-transport/node_modules/readable-stream/lib/_stream_writable.js:390:139)
[error] 
[error] Error: An unexpected error has occurred.
[debug] [2026-08-28T03:37:18.601Z] Error: write EIO
    at afterWriteDispatched (node:internal/stream_base_commons:159:15)
    at writeGeneric (node:internal/stream_base_commons:150:3)
    at Socket._writeGeneric (node:net:966:11)
    at Socket._write (node:net:978:8)
    at writeOrBuffer (node:internal/streams/writable:570:12)
    at _write (node:internal/streams/writable:499:10)
    at Writable.write (node:internal/streams/writable:508:10)
    at Console.log (/home/codespace/.npm/_npx/7750544ccf494d8b/node_modules/winston/lib/winston/transports/console.js:87:23)
    at Console._write (/home/codespace/.npm/_npx/7750544ccf494d8b/node_modules/winston-transport/modern.js:103:17)
    at doWrite (/home/codespace/.npm/_npx/7750544ccf494d8b/node_modules/winston-transport/node_modules/readable-stream/lib/_stream_writable.js:390:139)
[error] 
[error] Error: An unexpected error has occurred.
[debug] [2026-08-28T03:37:18.601Z] Error: write EIO
    at afterWriteDispatched (node:internal/stream_base_commons:159:15)
    at writeGeneric (node:internal/stream_base_commons:150:3)
    at Socket._writeGeneric (node:net:966:11)
    at Socket._write (node:net:978:8)
    at writeOrBuffer (node:internal/streams/writable:570:12)
    at _write (node:internal/streams/writable:499:10)
    at Writable.write (node:internal/streams/writable:508:10)
    at Console.log (/home/codespace/.npm/_npx/7750544ccf494d8b/node_modules/winston/lib/winston/transports/console.js:87:23)
    at Console._write (/home/codespace/.npm/_npx/7750544ccf494d8b/node_modules/winston-transport/modern.js:103:17)
    at doWrite (/home/codespace/.npm/_npx/7750544ccf494d8b/node_modules/winston-transport/node_modules/readable-stream/lib/_stream_writable.js:390:139)
[error] 
[error] Error: An unexpected error has occurred.
[debug] [2026-08-28T03:37:18.601Z] Error: write EIO
    at afterWriteDispatched (node:internal/stream_base_commons:159:15)
    at writeGeneric (node:internal/stream_base_commons:150:3)
    at Socket._writeGeneric (node:net:966:11)
    at Socket._write (node:net:978:8)
    at writeOrBuffer (node:internal/streams/writable:570:12)
    at _write (node:internal/streams/writable:499:10)
    at Writable.write (node:internal/streams/writable:508:10)
    at Console.log (/home/codespace/.npm/_npx/7750544ccf494d8b/node_modules/winston/lib/winston/transports/console.js:87:23)
    at Console._write (/home/codespace/.npm/_npx/7750544ccf494d8b/node_modules/winston-transport/modern.js:103:17)
    at doWrite (/home/codespace/.npm/_npx/7750544ccf494d8b/node_modules/winston-transport/node_modules/readable-stream/lib/_stream_writable.js:390:139)
[error] 
[error] Error: An unexpected error has occurred.
[debug] [2026-08-28T03:37:18.602Z] Error: write EIO
    at afterWriteDispatched (node:internal/stream_base_commons:159:15)
    at writeGeneric (node:internal/stream_base_commons:150:3)
    at Socket._writeGeneric (node:net:966:11)
    at Socket._write (node:net:978:8)
    at writeOrBuffer (node:internal/streams/writable:570:12)
    at _write (node:internal/streams/writable:499:10)
    at Writable.write (node:internal/streams/writable:508:10)
    at Console.log (/home/codespace/.npm/_npx/7750544ccf494d8b/node_modules/winston/lib/winston/transports/console.js:87:23)
    at Console._write (/home/codespace/.npm/_npx/7750544ccf494d8b/node_modules/winston-transport/modern.js:103:17)
    at doWrite (/home/codespace/.npm/_npx/7750544ccf494d8b/node_modules/winston-transport/node_modules/readable-stream/lib/_stream_writable.js:390:139)
[error] 
[error] Error: An unexpected error has occurred.
[debug] [2026-08-28T03:37:18.602Z] Error: write EIO
    at afterWriteDispatched (node:internal/stream_base_commons:159:15)
    at writeGeneric (node:internal/stream_base_commons:150:3)
    at Socket._writeGeneric (node:net:966:11)
    at Socket._write (node:net:978:8)
    at writeOrBuffer (node:internal/streams/writable:570:12)
    at _write (node:internal/streams/writable:499:10)
    at Writable.write (node:internal/streams/writable:508:10)
    at Console.log (/home/codespace/.npm/_npx/7750544ccf494d8b/node_modules/winston/lib/winston/transports/console.js:87:23)
    at Console._write (/home/codespace/.npm/_npx/7750544ccf494d8b/node_modules/winston-transport/modern.js:103:17)
    at doWrite (/home/codespace/.npm/_npx/7750544ccf494d8b/node_modules/winston-transport/node_modules/readable-stream/lib/_stream_writable.js:390:139)
[error] 
[error] Error: An unexpected error has occurred.
[debug] [2026-08-28T03:37:18.602Z] Error: write EIO
    at afterWriteDispatched (node:internal/stream_base_commons:159:15)
    at writeGeneric (node:internal/stream_base_commons:150:3)
    at Socket._writeGeneric (node:net:966:11)
    at Socket._write (node:net:978:8)
    at writeOrBuffer (node:internal/streams/writable:570:12)
    at _write (node:internal/streams/writable:499:10)
    at Writable.write (node:internal/streams/writable:508:10)
    at Console.log (/home/codespace/.npm/_npx/7750544ccf494d8b/node_modules/winston/lib/winston/transports/console.js:87:23)
    at Console._write (/home/codespace/.npm/_npx/7750544ccf494d8b/node_modules/winston-transport/modern.js:103:17)
    at doWrite (/home/codespace/.npm/_npx/7750544ccf494d8b/node_modules/winston-transport/node_modules/readable-stream/lib/_stream_writable.js:390:139)
[error] 
[error] Error: An unexpected error has occurred.
[debug] [2026-08-28T03:37:18.602Z] Error: write EIO
    at afterWriteDispatched (node:internal/stream_base_commons:159:15)
    at writeGeneric (node:internal/stream_base_commons:150:3)
    at Socket._writeGeneric (node:net:966:11)
    at Socket._write (node:net:978:8)
    at writeOrBuffer (node:internal/streams/writable:570:12)
    at _write (node:internal/streams/writable:499:10)
    at Writable.write (node:internal/streams/writable:508:10)
    at Console.log (/home/codespace/.npm/_npx/7750544ccf494d8b/node_modules/winston/lib/winston/transports/console.js:87:23)
    at Console._write (/home/codespace/.npm/_npx/7750544ccf494d8b/node_modules/winston-transport/modern.js:103:17)
    at doWrite (/home/codespace/.npm/_npx/7750544ccf494d8b/node_modules/winston-transport/node_modules/readable-stream/lib/_stream_writable.js:390:139)
[error] 
[error] Error: An unexpected error has occurred.
[debug] [2026-08-28T03:37:18.602Z] Error: write EIO
    at afterWriteDispatched (node:internal/stream_base_commons:159:15)
    at writeGeneric (node:internal/stream_base_commons:150:3)
    at Socket._writeGeneric (node:net:966:11)
    at Socket._write (node:net:978:8)
    at writeOrBuffer (node:internal/streams/writable:570:12)
    at _write (node:internal/streams/writable:499:10)
    at Writable.write (node:internal/streams/writable:508:10)
    at Console.log (/home/codespace/.npm/_npx/7750544ccf494d8b/node_modules/winston/lib/winston/transports/console.js:87:23)
    at Console._write (/home/codespace/.npm/_npx/7750544ccf494d8b/node_modules/winston-transport/modern.js:103:17)
    at doWrite (/home/codespace/.npm/_npx/7750544ccf494d8b/node_modules/winston-transport/node_modules/readable-stream/lib/_stream_writable.js:390:139)
[error] 
[error] Error: An unexpected error has occurred.
[debug] [2026-08-28T03:37:18.602Z] Error: write EIO
    at afterWriteDispatched (node:internal/stream_base_commons:159:15)
    at writeGeneric (node:internal/stream_base_commons:150:3)
    at Socket._writeGeneric (node:net:966:11)
    at Socket._write (node:net:978:8)
    at writeOrBuffer (node:internal/streams/writable:570:12)
    at _write (node:internal/streams/writable:499:10)
    at Writable.write (node:internal/streams/writable:508:10)
    at Console.log (/home/codespace/.npm/_npx/7750544ccf494d8b/node_modules/winston/lib/winston/transports/console.js:87:23)
    at Console._write (/home/codespace/.npm/_npx/7750544ccf494d8b/node_modules/winston-transport/modern.js:103:17)
    at doWrite (/home/codespace/.npm/_npx/7750544ccf494d8b/node_modules/winston-transport/node_modules/readable-stream/lib/_stream_writable.js:390:139)
[error] 
[error] Error: An unexpected error has occurred.
[debug] [2026-08-28T03:37:18.604Z] Error: write EIO
    at afterWriteDispatched (node:internal/stream_base_commons:159:15)
    at writeGeneric (node:internal/stream_base_commons:150:3)
    at Socket._writeGeneric (node:net:966:11)
    at Socket._write (node:net:978:8)
    at writeOrBuffer (node:internal/streams/writable:570:12)
    at _write (node:internal/streams/writable:499:10)
    at Writable.write (node:internal/streams/writable:508:10)
    at Console.log (/home/codespace/.npm/_npx/7750544ccf494d8b/node_modules/winston/lib/winston/transports/console.js:87:23)
    at Console._write (/home/codespace/.npm/_npx/7750544ccf494d8b/node_modules/winston-transport/modern.js:103:17)
    at doWrite (/home/codespace/.npm/_npx/7750544ccf494d8b/node_modules/winston-transport/node_modules/readable-stream/lib/_stream_writable.js:390:139)
[error] 
[error] Error: An unexpected error has occurred.
[debug] [2026-08-28T03:37:18.604Z] Error: write EIO
    at afterWriteDispatched (node:internal/stream_base_commons:159:15)
    at writeGeneric (node:internal/stream_base_commons:150:3)
    at Socket._writeGeneric (node:net:966:11)
    at Socket._write (node:net:978:8)
    at writeOrBuffer (node:internal/streams/writable:570:12)
    at _write (node:internal/streams/writable:499:10)
    at Writable.write (node:internal/streams/writable:508:10)
    at Console.log (/home/codespace/.npm/_npx/7750544ccf494d8b/node_modules/winston/lib/winston/transports/console.js:87:23)
    at Console._write (/home/codespace/.npm/_npx/7750544ccf494d8b/node_modules/winston-transport/modern.js:103:17)
    at doWrite (/home/codespace/.npm/_npx/7750544ccf494d8b/node_modules/winston-transport/node_modules/readable-stream/lib/_stream_writable.js:390:139)
[error] 
[error] Error: An unexpected error has occurred.
[debug] [2026-08-28T03:37:18.604Z] Error: write EIO
    at afterWriteDispatched (node:internal/stream_base_commons:159:15)
    at writeGeneric (node:internal/stream_base_commons:150:3)
    at Socket._writeGeneric (node:net:966:11)
    at Socket._write (node:net:978:8)
    at writeOrBuffer (node:internal/streams/writable:570:12)
    at _write (node:internal/streams/writable:499:10)
    at Writable.write (node:internal/streams/writable:508:10)
    at Console.log (/home/codespace/.npm/_npx/7750544ccf494d8b/node_modules/winston/lib/winston/transports/console.js:87:23)
    at Console._write (/home/codespace/.npm/_npx/7750544ccf494d8b/node_modules/winston-transport/modern.js:103:17)
    at doWrite (/home/codespace/.npm/_npx/7750544ccf494d8b/node_modules/winston-transport/node_modules/readable-stream/lib/_stream_writable.js:390:139)
[error] 
[error] Error: An unexpected error has occurred.
[debug] [2026-08-28T03:37:18.604Z] Error: write EIO
    at afterWriteDispatched (node:internal/stream_base_commons:159:15)
    at writeGeneric (node:internal/stream_base_commons:150:3)
    at Socket._writeGeneric (node:net:966:11)
    at Socket._write (node:net:978:8)
    at writeOrBuffer (node:internal/streams/writable:570:12)
    at _write (node:internal/streams/writable:499:10)
    at Writable.write (node:internal/streams/writable:508:10)
    at Console.log (/home/codespace/.npm/_npx/7750544ccf494d8b/node_modules/winston/lib/winston/transports/console.js:87:23)
    at Console._write (/home/codespace/.npm/_npx/7750544ccf494d8b/node_modules/winston-transport/modern.js:103:17)
    at doWrite (/home/codespace/.npm/_npx/7750544ccf494d8b/node_modules/winston-transport/node_modules/readable-stream/lib/_stream_writable.js:390:139)
[error] 
[error] Error: An unexpected error has occurred.
[debug] [2026-08-28T03:37:18.604Z] Error: write EIO
    at afterWriteDispatched (node:internal/stream_base_commons:159:15)
    at writeGeneric (node:internal/stream_base_commons:150:3)
    at Socket._writeGeneric (node:net:966:11)
    at Socket._write (node:net:978:8)
    at writeOrBuffer (node:internal/streams/writable:570:12)
    at _write (node:internal/streams/writable:499:10)
    at Writable.write (node:internal/streams/writable:508:10)
    at Console.log (/home/codespace/.npm/_npx/7750544ccf494d8b/node_modules/winston/lib/winston/transports/console.js:87:23)
    at Console._write (/home/codespace/.npm/_npx/7750544ccf494d8b/node_modules/winston-transport/modern.js:103:17)
    at doWrite (/home/codespace/.npm/_npx/7750544ccf494d8b/node_modules/winston-transport/node_modules/readable-stream/lib/_stream_writable.js:390:139)
[error] 
[error] Error: An unexpected error has occurred.
[debug] [2026-08-28T03:37:18.604Z] Error: write EIO
    at afterWriteDispatched (node:internal/stream_base_commons:159:15)
    at writeGeneric (node:internal/stream_base_commons:150:3)
    at Socket._writeGeneric (node:net:966:11)
    at Socket._write (node:net:978:8)
    at writeOrBuffer (node:internal/streams/writable:570:12)
    at _write (node:internal/streams/writable:499:10)
    at Writable.write (node:internal/streams/writable:508:10)
    at Console.log (/home/codespace/.npm/_npx/7750544ccf494d8b/node_modules/winston/lib/winston/transports/console.js:87:23)
    at Console._write (/home/codespace/.npm/_npx/7750544ccf494d8b/node_modules/winston-transport/modern.js:103:17)
    at doWrite (/home/codespace/.npm/_npx/7750544ccf494d8b/node_modules/winston-transport/node_modules/readable-stream/lib/_stream_writable.js:390:139)
[error] 
[error] Error: An unexpected error has occurred.
[debug] [2026-08-28T03:37:18.605Z] Error: write EIO
    at afterWriteDispatched (node:internal/stream_base_commons:159:15)
    at writeGeneric (node:internal/stream_base_commons:150:3)
    at Socket._writeGeneric (node:net:966:11)
    at Socket._write (node:net:978:8)
    at writeOrBuffer (node:internal/streams/writable:570:12)
    at _write (node:internal/streams/writable:499:10)
    at Writable.write (node:internal/streams/writable:508:10)
    at Console.log (/home/codespace/.npm/_npx/7750544ccf494d8b/node_modules/winston/lib/winston/transports/console.js:87:23)
    at Console._write (/home/codespace/.npm/_npx/7750544ccf494d8b/node_modules/winston-transport/modern.js:103:17)
    at doWrite (/home/codespace/.npm/_npx/7750544ccf494d8b/node_modules/winston-transport/node_modules/readable-stream/lib/_stream_writable.js:390:139)
[error] 
[error] Error: An unexpected error has occurred.
[debug] [2026-08-28T03:37:18.606Z] Error: write EIO
    at afterWriteDispatched (node:internal/stream_base_commons:159:15)
    at writeGeneric (node:internal/stream_base_commons:150:3)
    at Socket._writeGeneric (node:net:966:11)
    at Socket._write (node:net:978:8)
    at writeOrBuffer (node:internal/streams/writable:570:12)
    at _write (node:internal/streams/writable:499:10)
    at Writable.write (node:internal/streams/writable:508:10)
    at Console.log (/home/codespace/.npm/_npx/7750544ccf494d8b/node_modules/winston/lib/winston/transports/console.js:87:23)
    at Console._write (/home/codespace/.npm/_npx/7750544ccf494d8b/node_modules/winston-transport/modern.js:103:17)
    at doWrite (/home/codespace/.npm/_npx/7750544ccf494d8b/node_modules/winston-transport/node_modules/readable-stream/lib/_stream_writable.js:390:139)
[error] 
[error] Error: An unexpected error has occurred.
[debug] [2026-08-28T03:37:18.606Z] Error: write EIO
    at afterWriteDispatched (node:internal/stream_base_commons:159:15)
    at writeGeneric (node:internal/stream_base_commons:150:3)
    at Socket._writeGeneric (node:net:966:11)
    at Socket._write (node:net:978:8)
    at writeOrBuffer (node:internal/streams/writable:570:12)
    at _write (node:internal/streams/writable:499:10)
    at Writable.write (node:internal/streams/writable:508:10)
    at Console.log (/home/codespace/.npm/_npx/7750544ccf494d8b/node_modules/winston/lib/winston/transports/console.js:87:23)
    at Console._write (/home/codespace/.npm/_npx/7750544ccf494d8b/node_modules/winston-transport/modern.js:103:17)
    at doWrite (/home/codespace/.npm/_npx/7750544ccf494d8b/node_modules/winston-transport/node_modules/readable-stream/lib/_stream_writable.js:390:139)
[error] 
[error] Error: An unexpected error has occurred.
[debug] [2026-08-28T03:37:18.606Z] Error: write EIO
    at afterWriteDispatched (node:internal/stream_base_commons:159:15)
    at writeGeneric (node:internal/stream_base_commons:150:3)
    at Socket._writeGeneric (node:net:966:11)
    at Socket._write (node:net:978:8)
    at writeOrBuffer (node:internal/streams/writable:570:12)
    at _write (node:internal/streams/writable:499:10)
    at Writable.write (node:internal/streams/writable:508:10)
    at Console.log (/home/codespace/.npm/_npx/7750544ccf494d8b/node_modules/winston/lib/winston/transports/console.js:87:23)
    at Console._write (/home/codespace/.npm/_npx/7750544ccf494d8b/node_modules/winston-transport/modern.js:103:17)
    at doWrite (/home/codespace/.npm/_npx/7750544ccf494d8b/node_modules/winston-transport/node_modules/readable-stream/lib/_stream_writable.js:390:139)
[error] 
[error] Error: An unexpected error has occurred.
[debug] [2026-08-28T03:37:18.606Z] Error: write EIO
    at afterWriteDispatched (node:internal/stream_base_commons:159:15)
    at writeGeneric (node:internal/stream_base_commons:150:3)
    at Socket._writeGeneric (node:net:966:11)
    at Socket._write (node:net:978:8)
    at writeOrBuffer (node:internal/streams/writable:570:12)
    at _write (node:internal/streams/writable:499:10)
    at Writable.write (node:internal/streams/writable:508:10)
    at Console.log (/home/codespace/.npm/_npx/7750544ccf494d8b/node_modules/winston/lib/winston/transports/console.js:87:23)
    at Console._write (/home/codespace/.npm/_npx/7750544ccf494d8b/node_modules/winston-transport/modern.js:103:17)
    at doWrite (/home/codespace/.npm/_npx/7750544ccf494d8b/node_modules/winston-transport/node_modules/readable-stream/lib/_stream_writable.js:390:139)
[error] 
[error] Error: An unexpected error has occurred.
[debug] [2026-08-28T03:37:18.606Z] Error: write EIO
    at afterWriteDispatched (node:internal/stream_base_commons:159:15)
    at writeGeneric (node:internal/stream_base_commons:150:3)
    at Socket._writeGeneric (node:net:966:11)
    at Socket._write (node:net:978:8)
    at writeOrBuffer (node:internal/streams/writable:570:12)
    at _write (node:internal/streams/writable:499:10)
    at Writable.write (node:internal/streams/writable:508:10)
    at Console.log (/home/codespace/.npm/_npx/7750544ccf494d8b/node_modules/winston/lib/winston/transports/console.js:87:23)
    at Console._write (/home/codespace/.npm/_npx/7750544ccf494d8b/node_modules/winston-transport/modern.js:103:17)
    at doWrite (/home/codespace/.npm/_npx/7750544ccf494d8b/node_modules/winston-transport/node_modules/readable-stream/lib/_stream_writable.js:390:139)
[error] 
[error] Error: An unexpected error has occurred.
[debug] [2026-08-28T03:37:18.606Z] Error: write EIO
    at afterWriteDispatched (node:internal/stream_base_commons:159:15)
    at writeGeneric (node:internal/stream_base_commons:150:3)
    at Socket._writeGeneric (node:net:966:11)
    at Socket._write (node:net:978:8)
    at writeOrBuffer (node:internal/streams/writable:570:12)
    at _write (node:internal/streams/writable:499:10)
    at Writable.write (node:internal/streams/writable:508:10)
    at Console.log (/home/codespace/.npm/_npx/7750544ccf494d8b/node_modules/winston/lib/winston/transports/console.js:87:23)
    at Console._write (/home/codespace/.npm/_npx/7750544ccf494d8b/node_modules/winston-transport/modern.js:103:17)
    at doWrite (/home/codespace/.npm/_npx/7750544ccf494d8b/node_modules/winston-transport/node_modules/readable-stream/lib/_stream_writable.js:390:139)
[error] 
[error] Error: An unexpected error has occurred.
[debug] [2026-08-28T03:37:18.606Z] Error: write EIO
    at afterWriteDispatched (node:internal/stream_base_commons:159:15)
    at writeGeneric (node:internal/stream_base_commons:150:3)
    at Socket._writeGeneric (node:net:966:11)
    at Socket._write (node:net:978:8)
    at writeOrBuffer (node:internal/streams/writable:570:12)
    at _write (node:internal/streams/writable:499:10)
    at Writable.write (node:internal/streams/writable:508:10)
    at Console.log (/home/codespace/.npm/_npx/7750544ccf494d8b/node_modules/winston/lib/winston/transports/console.js:87:23)
    at Console._write (/home/codespace/.npm/_npx/7750544ccf494d8b/node_modules/winston-transport/modern.js:103:17)
    at doWrite (/home/codespace/.npm/_npx/7750544ccf494d8b/node_modules/winston-transport/node_modules/readable-stream/lib/_stream_writable.js:390:139)
[error] 
[error] Error: An unexpected error has occurred.
[debug] [2026-08-28T03:37:18.607Z] Error: write EIO
    at afterWriteDispatched (node:internal/stream_base_commons:159:15)
    at writeGeneric (node:internal/stream_base_commons:150:3)
    at Socket._writeGeneric (node:net:966:11)
    at Socket._write (node:net:978:8)
    at writeOrBuffer (node:internal/streams/writable:570:12)
    at _write (node:internal/streams/writable:499:10)
    at Writable.write (node:internal/streams/writable:508:10)
    at Console.log (/home/codespace/.npm/_npx/7750544ccf494d8b/node_modules/winston/lib/winston/transports/console.js:87:23)
    at Console._write (/home/codespace/.npm/_npx/7750544ccf494d8b/node_modules/winston-transport/modern.js:103:17)
    at doWrite (/home/codespace/.npm/_npx/7750544ccf494d8b/node_modules/winston-transport/node_modules/readable-stream/lib/_stream_writable.js:390:139)
[error] 
[error] Error: An unexpected error has occurred.
[debug] [2026-08-28T03:37:18.607Z] Error: write EIO
    at afterWriteDispatched (node:internal/stream_base_commons:159:15)
    at writeGeneric (node:internal/stream_base_commons:150:3)
    at Socket._writeGeneric (node:net:966:11)
    at Socket._write (node:net:978:8)
    at writeOrBuffer (node:internal/streams/writable:570:12)
    at _write (node:internal/streams/writable:499:10)
    at Writable.write (node:internal/streams/writable:508:10)
    at Console.log (/home/codespace/.npm/_npx/7750544ccf494d8b/node_modules/winston/lib/winston/transports/console.js:87:23)
    at Console._write (/home/codespace/.npm/_npx/7750544ccf494d8b/node_modules/winston-transport/modern.js:103:17)
    at doWrite (/home/codespace/.npm/_npx/7750544ccf494d8b/node_modules/winston-transport/node_modules/readable-stream/lib/_stream_writable.js:390:139)
[error] 
[error] Error: An unexpected error has occurred.
[debug] [2026-08-28T03:37:18.607Z] Error: write EIO
    at afterWriteDispatched (node:internal/stream_base_commons:159:15)
    at writeGeneric (node:internal/stream_base_commons:150:3)
    at Socket._writeGeneric (node:net:966:11)
    at Socket._write (node:net:978:8)
    at writeOrBuffer (node:internal/streams/writable:570:12)
    at _write (node:internal/streams/writable:499:10)
    at Writable.write (node:internal/streams/writable:508:10)
    at Console.log (/home/codespace/.npm/_npx/7750544ccf494d8b/node_modules/winston/lib/winston/transports/console.js:87:23)
    at Console._write (/home/codespace/.npm/_npx/7750544ccf494d8b/node_modules/winston-transport/modern.js:103:17)
    at doWrite (/home/codespace/.npm/_npx/7750544ccf494d8b/node_modules/winston-transport/node_modules/readable-stream/lib/_stream_writable.js:390:139)
[error] 
[error] Error: An unexpected error has occurred.
[debug] [2026-08-28T03:37:18.607Z] Error: write EIO
    at afterWriteDispatched (node:internal/stream_base_commons:159:15)
    at writeGeneric (node:internal/stream_base_commons:150:3)
    at Socket._writeGeneric (node:net:966:11)
    at Socket._write (node:net:978:8)
    at writeOrBuffer (node:internal/streams/writable:570:12)
    at _write (node:internal/streams/writable:499:10)
    at Writable.write (node:internal/streams/writable:508:10)
    at Console.log (/home/codespace/.npm/_npx/7750544ccf494d8b/node_modules/winston/lib/winston/transports/console.js:87:23)
    at Console._write (/home/codespace/.npm/_npx/7750544ccf494d8b/node_modules/winston-transport/modern.js:103:17)
    at doWrite (/home/codespace/.npm/_npx/7750544ccf494d8b/node_modules/winston-transport/node_modules/readable-stream/lib/_stream_writable.js:390:139)
[error] 
[error] Error: An unexpected error has occurred.
[debug] [2026-08-28T03:37:18.609Z] Error: write EIO
    at afterWriteDispatched (node:internal/stream_base_commons:159:15)
    at writeGeneric (node:internal/stream_base_commons:150:3)
    at Socket._writeGeneric (node:net:966:11)
    at Socket._write (node:net:978:8)
    at writeOrBuffer (node:internal/streams/writable:570:12)
    at _write (node:internal/streams/writable:499:10)
    at Writable.write (node:internal/streams/writable:508:10)
    at Console.log (/home/codespace/.npm/_npx/7750544ccf494d8b/node_modules/winston/lib/winston/transports/console.js:87:23)
    at Console._write (/home/codespace/.npm/_npx/7750544ccf494d8b/node_modules/winston-transport/modern.js:103:17)
    at doWrite (/home/codespace/.npm/_npx/7750544ccf494d8b/node_modules/winston-transport/node_modules/readable-stream/lib/_stream_writable.js:390:139)
[error] 
[error] Error: An unexpected error has occurred.
[debug] [2026-08-28T03:37:18.609Z] Error: write EIO
    at afterWriteDispatched (node:internal/stream_base_commons:159:15)
    at writeGeneric (node:internal/stream_base_commons:150:3)
    at Socket._writeGeneric (node:net:966:11)
    at Socket._write (node:net:978:8)
    at writeOrBuffer (node:internal/streams/writable:570:12)
    at _write (node:internal/streams/writable:499:10)
    at Writable.write (node:internal/streams/writable:508:10)
    at Console.log (/home/codespace/.npm/_npx/7750544ccf494d8b/node_modules/winston/lib/winston/transports/console.js:87:23)
    at Console._write (/home/codespace/.npm/_npx/7750544ccf494d8b/node_modules/winston-transport/modern.js:103:17)
    at doWrite (/home/codespace/.npm/_npx/7750544ccf494d8b/node_modules/winston-transport/node_modules/readable-stream/lib/_stream_writable.js:390:139)
[error] 
[error] Error: An unexpected error has occurred.
[debug] [2026-08-28T03:37:18.609Z] Error: write EIO
    at afterWriteDispatched (node:internal/stream_base_commons:159:15)
    at writeGeneric (node:internal/stream_base_commons:150:3)
    at Socket._writeGeneric (node:net:966:11)
    at Socket._write (node:net:978:8)
    at writeOrBuffer (node:internal/streams/writable:570:12)
    at _write (node:internal/streams/writable:499:10)
    at Writable.write (node:internal/streams/writable:508:10)
    at Console.log (/home/codespace/.npm/_npx/7750544ccf494d8b/node_modules/winston/lib/winston/transports/console.js:87:23)
    at Console._write (/home/codespace/.npm/_npx/7750544ccf494d8b/node_modules/winston-transport/modern.js:103:17)
    at doWrite (/home/codespace/.npm/_npx/7750544ccf494d8b/node_modules/winston-transport/node_modules/readable-stream/lib/_stream_writable.js:390:139)
[error] 
[error] Error: An unexpected error has occurred.
[debug] [2026-08-28T03:37:18.610Z] Error: write EIO
    at afterWriteDispatched (node:internal/stream_base_commons:159:15)
    at writeGeneric (node:internal/stream_base_commons:150:3)
    at Socket._writeGeneric (node:net:966:11)
    at Socket._write (node:net:978:8)
    at writeOrBuffer (node:internal/streams/writable:570:12)
    at _write (node:internal/streams/writable:499:10)
    at Writable.write (node:internal/streams/writable:508:10)
    at Console.log (/home/codespace/.npm/_npx/7750544ccf494d8b/node_modules/winston/lib/winston/transports/console.js:87:23)
    at Console._write (/home/codespace/.npm/_npx/7750544ccf494d8b/node_modules/winston-transport/modern.js:103:17)
    at doWrite (/home/codespace/.npm/_npx/7750544ccf494d8b/node_modules/winston-transport/node_modules/readable-stream/lib/_stream_writable.js:390:139)
[error] 
[error] Error: An unexpected error has occurred.
[debug] [2026-08-28T03:37:18.610Z] Error: write EIO
    at afterWriteDispatched (node:internal/stream_base_commons:159:15)
    at writeGeneric (node:internal/stream_base_commons:150:3)
    at Socket._writeGeneric (node:net:966:11)
    at Socket._write (node:net:978:8)
    at writeOrBuffer (node:internal/streams/writable:570:12)
    at _write (node:internal/streams/writable:499:10)
    at Writable.write (node:internal/streams/writable:508:10)
    at Console.log (/home/codespace/.npm/_npx/7750544ccf494d8b/node_modules/winston/lib/winston/transports/console.js:87:23)
    at Console._write (/home/codespace/.npm/_npx/7750544ccf494d8b/node_modules/winston-transport/modern.js:103:17)
    at doWrite (/home/codespace/.npm/_npx/7750544ccf494d8b/node_modules/winston-transport/node_modules/readable-stream/lib/_stream_writable.js:390:139)
[error] 
[error] Error: An unexpected error has occurred.
[debug] [2026-08-28T03:37:18.610Z] Error: write EIO
    at afterWriteDispatched (node:internal/stream_base_commons:159:15)
    at writeGeneric (node:internal/stream_base_commons:150:3)
    at Socket._writeGeneric (node:net:966:11)
    at Socket._write (node:net:978:8)
    at writeOrBuffer (node:internal/streams/writable:570:12)
    at _write (node:internal/streams/writable:499:10)
    at Writable.write (node:internal/streams/writable:508:10)
    at Console.log (/home/codespace/.npm/_npx/7750544ccf494d8b/node_modules/winston/lib/winston/transports/console.js:87:23)
    at Console._write (/home/codespace/.npm/_npx/7750544ccf494d8b/node_modules/winston-transport/modern.js:103:17)
    at doWrite (/home/codespace/.npm/_npx/7750544ccf494d8b/node_modules/winston-transport/node_modules/readable-stream/lib/_stream_writable.js:390:139)
[error] 
[error] Error: An unexpected error has occurred.
[debug] [2026-08-28T03:37:18.610Z] Error: write EIO
    at afterWriteDispatched (node:internal/stream_base_commons:159:15)
    at writeGeneric (node:internal/stream_base_commons:150:3)
    at Socket._writeGeneric (node:net:966:11)
    at Socket._write (node:net:978:8)
    at writeOrBuffer (node:internal/streams/writable:570:12)
    at _write (node:internal/streams/writable:499:10)
    at Writable.write (node:internal/streams/writable:508:10)
    at Console.log (/home/codespace/.npm/_npx/7750544ccf494d8b/node_modules/winston/lib/winston/transports/console.js:87:23)
    at Console._write (/home/codespace/.npm/_npx/7750544ccf494d8b/node_modules/winston-transport/modern.js:103:17)
    at doWrite (/home/codespace/.npm/_npx/7750544ccf494d8b/node_modules/winston-transport/node_modules/readable-stream/lib/_stream_writable.js:390:139)
[error] 
[error] Error: An unexpected error has occurred.
[debug] [2026-08-28T03:37:18.610Z] Error: write EIO
    at afterWriteDispatched (node:internal/stream_base_commons:159:15)
    at writeGeneric (node:internal/stream_base_commons:150:3)
    at Socket._writeGeneric (node:net:966:11)
    at Socket._write (node:net:978:8)
    at writeOrBuffer (node:internal/streams/writable:570:12)
    at _write (node:internal/streams/writable:499:10)
    at Writable.write (node:internal/streams/writable:508:10)
    at Console.log (/home/codespace/.npm/_npx/7750544ccf494d8b/node_modules/winston/lib/winston/transports/console.js:87:23)
    at Console._write (/home/codespace/.npm/_npx/7750544ccf494d8b/node_modules/winston-transport/modern.js:103:17)
    at doWrite (/home/codespace/.npm/_npx/7750544ccf494d8b/node_modules/winston-transport/node_modules/readable-stream/lib/_stream_writable.js:390:139)
[error] 
[error] Error: An unexpected error has occurred.
[debug] [2026-08-28T03:37:18.610Z] Error: write EIO
    at afterWriteDispatched (node:internal/stream_base_commons:159:15)
    at writeGeneric (node:internal/stream_base_commons:150:3)
    at Socket._writeGeneric (node:net:966:11)
    at Socket._write (node:net:978:8)
    at writeOrBuffer (node:internal/streams/writable:570:12)
    at _write (node:internal/streams/writable:499:10)
    at Writable.write (node:internal/streams/writable:508:10)
    at Console.log (/home/codespace/.npm/_npx/7750544ccf494d8b/node_modules/winston/lib/winston/transports/console.js:87:23)
    at Console._write (/home/codespace/.npm/_npx/7750544ccf494d8b/node_modules/winston-transport/modern.js:103:17)
    at doWrite (/home/codespace/.npm/_npx/7750544ccf494d8b/node_modules/winston-transport/node_modules/readable-stream/lib/_stream_writable.js:390:139)
[error] 
[error] Error: An unexpected error has occurred.
[debug] [2026-08-28T03:37:18.610Z] Error: write EIO
    at afterWriteDispatched (node:internal/stream_base_commons:159:15)
    at writeGeneric (node:internal/stream_base_commons:150:3)
    at Socket._writeGeneric (node:net:966:11)
    at Socket._write (node:net:978:8)
    at writeOrBuffer (node:internal/streams/writable:570:12)
    at _write (node:internal/streams/writable:499:10)
    at Writable.write (node:internal/streams/writable:508:10)
    at Console.log (/home/codespace/.npm/_npx/7750544ccf494d8b/node_modules/winston/lib/winston/transports/console.js:87:23)
    at Console._write (/home/codespace/.npm/_npx/7750544ccf494d8b/node_modules/winston-transport/modern.js:103:17)
    at doWrite (/home/codespace/.npm/_npx/7750544ccf494d8b/node_modules/winston-transport/node_modules/readable-stream/lib/_stream_writable.js:390:139)
[error] 
[error] Error: An unexpected error has occurred.
[debug] [2026-08-28T03:37:18.611Z] Error: write EIO
    at afterWriteDispatched (node:internal/stream_base_commons:159:15)
    at writeGeneric (node:internal/stream_base_commons:150:3)
    at Socket._writeGeneric (node:net:966:11)
    at Socket._write (node:net:978:8)
    at writeOrBuffer (node:internal/streams/writable:570:12)
    at _write (node:internal/streams/writable:499:10)
    at Writable.write (node:internal/streams/writable:508:10)
    at Console.log (/home/codespace/.npm/_npx/7750544ccf494d8b/node_modules/winston/lib/winston/transports/console.js:87:23)
    at Console._write (/home/codespace/.npm/_npx/7750544ccf494d8b/node_modules/winston-transport/modern.js:103:17)
    at doWrite (/home/codespace/.npm/_npx/7750544ccf494d8b/node_modules/winston-transport/node_modules/readable-stream/lib/_stream_writable.js:390:139)
[error] 
[error] Error: An unexpected error has occurred.
[debug] [2026-08-28T03:37:18.611Z] Error: write EIO
    at afterWriteDispatched (node:internal/stream_base_commons:159:15)
    at writeGeneric (node:internal/stream_base_commons:150:3)
    at Socket._writeGeneric (node:net:966:11)
    at Socket._write (node:net:978:8)
    at writeOrBuffer (node:internal/streams/writable:570:12)
    at _write (node:internal/streams/writable:499:10)
    at Writable.write (node:internal/streams/writable:508:10)
    at Console.log (/home/codespace/.npm/_npx/7750544ccf494d8b/node_modules/winston/lib/winston/transports/console.js:87:23)
    at Console._write (/home/codespace/.npm/_npx/7750544ccf494d8b/node_modules/winston-transport/modern.js:103:17)
    at doWrite (/home/codespace/.npm/_npx/7750544ccf494d8b/node_modules/winston-transport/node_modules/readable-stream/lib/_stream_writable.js:390:139)
[error] 
[error] Error: An unexpected error has occurred.
[debug] [2026-08-28T03:37:18.611Z] Error: write EIO
    at afterWriteDispatched (node:internal/stream_base_commons:159:15)
    at writeGeneric (node:internal/stream_base_commons:150:3)
    at Socket._writeGeneric (node:net:966:11)
    at Socket._write (node:net:978:8)
    at writeOrBuffer (node:internal/streams/writable:570:12)
    at _write (node:internal/streams/writable:499:10)
    at Writable.write (node:internal/streams/writable:508:10)
    at Console.log (/home/codespace/.npm/_npx/7750544ccf494d8b/node_modules/winston/lib/winston/transports/console.js:87:23)
    at Console._write (/home/codespace/.npm/_npx/7750544ccf494d8b/node_modules/winston-transport/modern.js:103:17)
    at doWrite (/home/codespace/.npm/_npx/7750544ccf494d8b/node_modules/winston-transport/node_modules/readable-stream/lib/_stream_writable.js:390:139)
[error] 
[error] Error: An unexpected error has occurred.
[debug] [2026-08-28T03:37:18.611Z] Error: write EIO
    at afterWriteDispatched (node:internal/stream_base_commons:159:15)
    at writeGeneric (node:internal/stream_base_commons:150:3)
    at Socket._writeGeneric (node:net:966:11)
    at Socket._write (node:net:978:8)
    at writeOrBuffer (node:internal/streams/writable:570:12)
    at _write (node:internal/streams/writable:499:10)
    at Writable.write (node:internal/streams/writable:508:10)
    at Console.log (/home/codespace/.npm/_npx/7750544ccf494d8b/node_modules/winston/lib/winston/transports/console.js:87:23)
    at Console._write (/home/codespace/.npm/_npx/7750544ccf494d8b/node_modules/winston-transport/modern.js:103:17)
    at doWrite (/home/codespace/.npm/_npx/7750544ccf494d8b/node_modules/winston-transport/node_modules/readable-stream/lib/_stream_writable.js:390:139)
[error] 
[error] Error: An unexpected error has occurred.
[debug] [2026-08-28T03:37:18.611Z] Error: write EIO
    at afterWriteDispatched (node:internal/stream_base_commons:159:15)
    at writeGeneric (node:internal/stream_base_commons:150:3)
    at Socket._writeGeneric (node:net:966:11)
    at Socket._write (node:net:978:8)
    at writeOrBuffer (node:internal/streams/writable:570:12)
    at _write (node:internal/streams/writable:499:10)
    at Writable.write (node:internal/streams/writable:508:10)
    at Console.log (/home/codespace/.npm/_npx/7750544ccf494d8b/node_modules/winston/lib/winston/transports/console.js:87:23)
    at Console._write (/home/codespace/.npm/_npx/7750544ccf494d8b/node_modules/winston-transport/modern.js:103:17)
    at doWrite (/home/codespace/.npm/_npx/7750544ccf494d8b/node_modules/winston-transport/node_modules/readable-stream/lib/_stream_writable.js:390:139)
[error] 
[error] Error: An unexpected error has occurred.
[debug] [2026-08-28T03:37:18.612Z] Error: write EIO
    at afterWriteDispatched (node:internal/stream_base_commons:159:15)
    at writeGeneric (node:internal/stream_base_commons:150:3)
    at Socket._writeGeneric (node:net:966:11)
    at Socket._write (node:net:978:8)
    at writeOrBuffer (node:internal/streams/writable:570:12)
    at _write (node:internal/streams/writable:499:10)
    at Writable.write (node:internal/streams/writable:508:10)
    at Console.log (/home/codespace/.npm/_npx/7750544ccf494d8b/node_modules/winston/lib/winston/transports/console.js:87:23)
    at Console._write (/home/codespace/.npm/_npx/7750544ccf494d8b/node_modules/winston-transport/modern.js:103:17)
    at doWrite (/home/codespace/.npm/_npx/7750544ccf494d8b/node_modules/winston-transport/node_modules/readable-stream/lib/_stream_writable.js:390:139)
[error] 
[error] Error: An unexpected error has occurred.
[debug] [2026-08-28T03:37:18.612Z] Error: write EIO
    at afterWriteDispatched (node:internal/stream_base_commons:159:15)
    at writeGeneric (node:internal/stream_base_commons:150:3)
    at Socket._writeGeneric (node:net:966:11)
    at Socket._write (node:net:978:8)
    at writeOrBuffer (node:internal/streams/writable:570:12)
    at _write (node:internal/streams/writable:499:10)
    at Writable.write (node:internal/streams/writable:508:10)
    at Console.log (/home/codespace/.npm/_npx/7750544ccf494d8b/node_modules/winston/lib/winston/transports/console.js:87:23)
    at Console._write (/home/codespace/.npm/_npx/7750544ccf494d8b/node_modules/winston-transport/modern.js:103:17)
    at doWrite (/home/codespace/.npm/_npx/7750544ccf494d8b/node_modules/winston-transport/node_modules/readable-stream/lib/_stream_writable.js:390:139)
[error] 
[error] Error: An unexpected error has occurred.
[debug] [2026-08-28T03:37:18.612Z] Error: write EIO
    at afterWriteDispatched (node:internal/stream_base_commons:159:15)
    at writeGeneric (node:internal/stream_base_commons:150:3)
    at Socket._writeGeneric (node:net:966:11)
    at Socket._write (node:net:978:8)
    at writeOrBuffer (node:internal/streams/writable:570:12)
    at _write (node:internal/streams/writable:499:10)
    at Writable.write (node:internal/streams/writable:508:10)
    at Console.log (/home/codespace/.npm/_npx/7750544ccf494d8b/node_modules/winston/lib/winston/transports/console.js:87:23)
    at Console._write (/home/codespace/.npm/_npx/7750544ccf494d8b/node_modules/winston-transport/modern.js:103:17)
    at doWrite (/home/codespace/.npm/_npx/7750544ccf494d8b/node_modules/winston-transport/node_modules/readable-stream/lib/_stream_writable.js:390:139)
[error] 
[error] Error: An unexpected error has occurred.
[debug] [2026-08-28T03:37:18.612Z] Error: write EIO
    at afterWriteDispatched (node:internal/stream_base_commons:159:15)
    at writeGeneric (node:internal/stream_base_commons:150:3)
    at Socket._writeGeneric (node:net:966:11)
    at Socket._write (node:net:978:8)
    at writeOrBuffer (node:internal/streams/writable:570:12)
    at _write (node:internal/streams/writable:499:10)
    at Writable.write (node:internal/streams/writable:508:10)
    at Console.log (/home/codespace/.npm/_npx/7750544ccf494d8b/node_modules/winston/lib/winston/transports/console.js:87:23)
    at Console._write (/home/codespace/.npm/_npx/7750544ccf494d8b/node_modules/winston-transport/modern.js:103:17)
    at doWrite (/home/codespace/.npm/_npx/7750544ccf494d8b/node_modules/winston-transport/node_modules/readable-stream/lib/_stream_writable.js:390:139)
[error] 
[error] Error: An unexpected error has occurred.
[debug] [2026-08-28T03:37:18.613Z] Error: write EIO
    at afterWriteDispatched (node:internal/stream_base_commons:159:15)
    at writeGeneric (node:internal/stream_base_commons:150:3)
    at Socket._writeGeneric (node:net:966:11)
    at Socket._write (node:net:978:8)
    at writeOrBuffer (node:internal/streams/writable:570:12)
    at _write (node:internal/streams/writable:499:10)
    at Writable.write (node:internal/streams/writable:508:10)
    at Console.log (/home/codespace/.npm/_npx/7750544ccf494d8b/node_modules/winston/lib/winston/transports/console.js:87:23)
    at Console._write (/home/codespace/.npm/_npx/7750544ccf494d8b/node_modules/winston-transport/modern.js:103:17)
    at doWrite (/home/codespace/.npm/_npx/7750544ccf494d8b/node_modules/winston-transport/node_modules/readable-stream/lib/_stream_writable.js:390:139)
[error] 
[error] Error: An unexpected error has occurred.
[debug] [2026-08-28T03:37:18.613Z] Error: write EIO
    at afterWriteDispatched (node:internal/stream_base_commons:159:15)
    at writeGeneric (node:internal/stream_base_commons:150:3)
    at Socket._writeGeneric (node:net:966:11)
    at Socket._write (node:net:978:8)
    at writeOrBuffer (node:internal/streams/writable:570:12)
    at _write (node:internal/streams/writable:499:10)
    at Writable.write (node:internal/streams/writable:508:10)
    at Console.log (/home/codespace/.npm/_npx/7750544ccf494d8b/node_modules/winston/lib/winston/transports/console.js:87:23)
    at Console._write (/home/codespace/.npm/_npx/7750544ccf494d8b/node_modules/winston-transport/modern.js:103:17)
    at doWrite (/home/codespace/.npm/_npx/7750544ccf494d8b/node_modules/winston-transport/node_modules/readable-stream/lib/_stream_writable.js:390:139)
[error] 
[error] Error: An unexpected error has occurred.
[debug] [2026-08-28T03:37:18.613Z] Error: write EIO
    at afterWriteDispatched (node:internal/stream_base_commons:159:15)
    at writeGeneric (node:internal/stream_base_commons:150:3)
    at Socket._writeGeneric (node:net:966:11)
    at Socket._write (node:net:978:8)
    at writeOrBuffer (node:internal/streams/writable:570:12)
    at _write (node:internal/streams/writable:499:10)
    at Writable.write (node:internal/streams/writable:508:10)
    at Console.log (/home/codespace/.npm/_npx/7750544ccf494d8b/node_modules/winston/lib/winston/transports/console.js:87:23)
    at Console._write (/home/codespace/.npm/_npx/7750544ccf494d8b/node_modules/winston-transport/modern.js:103:17)
    at doWrite (/home/codespace/.npm/_npx/7750544ccf494d8b/node_modules/winston-transport/node_modules/readable-stream/lib/_stream_writable.js:390:139)
[error] 
[error] Error: An unexpected error has occurred.
[debug] [2026-08-28T03:37:18.613Z] Error: write EIO
    at afterWriteDispatched (node:internal/stream_base_commons:159:15)
    at writeGeneric (node:internal/stream_base_commons:150:3)
    at Socket._writeGeneric (node:net:966:11)
    at Socket._write (node:net:978:8)
    at writeOrBuffer (node:internal/streams/writable:570:12)
    at _write (node:internal/streams/writable:499:10)
    at Writable.write (node:internal/streams/writable:508:10)
    at Console.log (/home/codespace/.npm/_npx/7750544ccf494d8b/node_modules/winston/lib/winston/transports/console.js:87:23)
    at Console._write (/home/codespace/.npm/_npx/7750544ccf494d8b/node_modules/winston-transport/modern.js:103:17)
    at doWrite (/home/codespace/.npm/_npx/7750544ccf494d8b/node_modules/winston-transport/node_modules/readable-stream/lib/_stream_writable.js:390:139)
[error] 
[error] Error: An unexpected error has occurred.
[debug] [2026-08-28T03:37:18.613Z] Error: write EIO
    at afterWriteDispatched (node:internal/stream_base_commons:159:15)
    at writeGeneric (node:internal/stream_base_commons:150:3)
    at Socket._writeGeneric (node:net:966:11)
    at Socket._write (node:net:978:8)
    at writeOrBuffer (node:internal/streams/writable:570:12)
    at _write (node:internal/streams/writable:499:10)
    at Writable.write (node:internal/streams/writable:508:10)
    at Console.log (/home/codespace/.npm/_npx/7750544ccf494d8b/node_modules/winston/lib/winston/transports/console.js:87:23)
    at Console._write (/home/codespace/.npm/_npx/7750544ccf494d8b/node_modules/winston-transport/modern.js:103:17)
    at doWrite (/home/codespace/.npm/_npx/7750544ccf494d8b/node_modules/winston-transport/node_modules/readable-stream/lib/_stream_writable.js:390:139)
[error] 
[error] Error: An unexpected error has occurred.
[debug] [2026-08-28T03:37:18.613Z] Error: write EIO
    at afterWriteDispatched (node:internal/stream_base_commons:159:15)
    at writeGeneric (node:internal/stream_base_commons:150:3)
    at Socket._writeGeneric (node:net:966:11)
    at Socket._write (node:net:978:8)
    at writeOrBuffer (node:internal/streams/writable:570:12)
    at _write (node:internal/streams/writable:499:10)
    at Writable.write (node:internal/streams/writable:508:10)
    at Console.log (/home/codespace/.npm/_npx/7750544ccf494d8b/node_modules/winston/lib/winston/transports/console.js:87:23)
    at Console._write (/home/codespace/.npm/_npx/7750544ccf494d8b/node_modules/winston-transport/modern.js:103:17)
    at doWrite (/home/codespace/.npm/_npx/7750544ccf494d8b/node_modules/winston-transport/node_modules/readable-stream/lib/_stream_writable.js:390:139)
[error] 
[error] Error: An unexpected error has occurred.
[debug] [2026-08-28T03:37:18.614Z] Error: write EIO
    at afterWriteDispatched (node:internal/stream_base_commons:159:15)
    at writeGeneric (node:internal/stream_base_commons:150:3)
    at Socket._writeGeneric (node:net:966:11)
    at Socket._write (node:net:978:8)
    at writeOrBuffer (node:internal/streams/writable:570:12)
    at _write (node:internal/streams/writable:499:10)
    at Writable.write (node:internal/streams/writable:508:10)
    at Console.log (/home/codespace/.npm/_npx/7750544ccf494d8b/node_modules/winston/lib/winston/transports/console.js:87:23)
    at Console._write (/home/codespace/.npm/_npx/7750544ccf494d8b/node_modules/winston-transport/modern.js:103:17)
    at doWrite (/home/codespace/.npm/_npx/7750544ccf494d8b/node_modules/winston-transport/node_modules/readable-stream/lib/_stream_writable.js:390:139)
[error] 
[error] Error: An unexpected error has occurred.
[debug] [2026-08-28T03:37:18.614Z] Error: write EIO
    at afterWriteDispatched (node:internal/stream_base_commons:159:15)
    at writeGeneric (node:internal/stream_base_commons:150:3)
    at Socket._writeGeneric (node:net:966:11)
    at Socket._write (node:net:978:8)
    at writeOrBuffer (node:internal/streams/writable:570:12)
    at _write (node:internal/streams/writable:499:10)
    at Writable.write (node:internal/streams/writable:508:10)
    at Console.log (/home/codespace/.npm/_npx/7750544ccf494d8b/node_modules/winston/lib/winston/transports/console.js:87:23)
    at Console._write (/home/codespace/.npm/_npx/7750544ccf494d8b/node_modules/winston-transport/modern.js:103:17)
    at doWrite (/home/codespace/.npm/_npx/7750544ccf494d8b/node_modules/winston-transport/node_modules/readable-stream/lib/_stream_writable.js:390:139)
[error] 
[error] Error: An unexpected error has occurred.
[debug] [2026-08-28T03:37:18.614Z] Error: write EIO
    at afterWriteDispatched (node:internal/stream_base_commons:159:15)
    at writeGeneric (node:internal/stream_base_commons:150:3)
    at Socket._writeGeneric (node:net:966:11)
    at Socket._write (node:net:978:8)
    at writeOrBuffer (node:internal/streams/writable:570:12)
    at _write (node:internal/streams/writable:499:10)
    at Writable.write (node:internal/streams/writable:508:10)
    at Console.log (/home/codespace/.npm/_npx/7750544ccf494d8b/node_modules/winston/lib/winston/transports/console.js:87:23)
    at Console._write (/home/codespace/.npm/_npx/7750544ccf494d8b/node_modules/winston-transport/modern.js:103:17)
    at doWrite (/home/codespace/.npm/_npx/7750544ccf494d8b/node_modules/winston-transport/node_modules/readable-stream/lib/_stream_writable.js:390:139)
[error] 
[error] Error: An unexpected error has occurred.
[debug] [2026-08-28T03:37:18.615Z] Error: write EIO
    at afterWriteDispatched (node:internal/stream_base_commons:159:15)
    at writeGeneric (node:internal/stream_base_commons:150:3)
    at Socket._writeGeneric (node:net:966:11)
    at Socket._write (node:net:978:8)
    at writeOrBuffer (node:internal/streams/writable:570:12)
    at _write (node:internal/streams/writable:499:10)
    at Writable.write (node:internal/streams/writable:508:10)
    at Console.log (/home/codespace/.npm/_npx/7750544ccf494d8b/node_modules/winston/lib/winston/transports/console.js:87:23)
    at Console._write (/home/codespace/.npm/_npx/7750544ccf494d8b/node_modules/winston-transport/modern.js:103:17)
    at doWrite (/home/codespace/.npm/_npx/7750544ccf494d8b/node_modules/winston-transport/node_modules/readable-stream/lib/_stream_writable.js:390:139)
[error] 
[error] Error: An unexpected error has occurred.
[debug] [2026-08-28T03:37:18.615Z] Error: write EIO
    at afterWriteDispatched (node:internal/stream_base_commons:159:15)
    at writeGeneric (node:internal/stream_base_commons:150:3)
    at Socket._writeGeneric (node:net:966:11)
    at Socket._write (node:net:978:8)
    at writeOrBuffer (node:internal/streams/writable:570:12)
    at _write (node:internal/streams/writable:499:10)
    at Writable.write (node:internal/streams/writable:508:10)
    at Console.log (/home/codespace/.npm/_npx/7750544ccf494d8b/node_modules/winston/lib/winston/transports/console.js:87:23)
    at Console._write (/home/codespace/.npm/_npx/7750544ccf494d8b/node_modules/winston-transport/modern.js:103:17)
    at doWrite (/home/codespace/.npm/_npx/7750544ccf494d8b/node_modules/winston-transport/node_modules/readable-stream/lib/_stream_writable.js:390:139)
[error] 
[error] Error: An unexpected error has occurred.
[debug] [2026-08-28T03:37:18.615Z] Error: write EIO
    at afterWriteDispatched (node:internal/stream_base_commons:159:15)
    at writeGeneric (node:internal/stream_base_commons:150:3)
    at Socket._writeGeneric (node:net:966:11)
    at Socket._write (node:net:978:8)
    at writeOrBuffer (node:internal/streams/writable:570:12)
    at _write (node:internal/streams/writable:499:10)
    at Writable.write (node:internal/streams/writable:508:10)
    at Console.log (/home/codespace/.npm/_npx/7750544ccf494d8b/node_modules/winston/lib/winston/transports/console.js:87:23)
    at Console._write (/home/codespace/.npm/_npx/7750544ccf494d8b/node_modules/winston-transport/modern.js:103:17)
    at doWrite (/home/codespace/.npm/_npx/7750544ccf494d8b/node_modules/winston-transport/node_modules/readable-stream/lib/_stream_writable.js:390:139)
